"overall","peer_assess","judges_assess","gpa25","gpa75","lsat25","lsat75","pct_emp_grad","pct_emp_9","accept","sf_ratio","bar_pass_pct","zpeer_assess","zjudges_assess","zgpa25","zgpa75","zlsat25","zlsat75","zpct_emp_grad","zpct_emp_9","zaccept","zsf_ratio","zbar_pass_pct","school","rank","tier","year"
100,4.8,4.8,3.82,3.97,170,176,88.2,88.7,9,7.6,97.9,2.75729498972221,2.62138626913431,2.82461263239648,2.25005305593047,2.82485328597866,3.01369207140146,2.32696658282938,1.56728139927838,-2.50145525091718,-1.7022566820194,1.45222464253649,"Yale University",1,"Top",2016
96,4.8,4.8,3.75,3.95,170,175,91.5,95,15,11.8,97,2.75729498972221,2.62138626913431,2.50899666304283,2.10354933009669,2.82485328597866,2.81900912105253,2.50441837822908,2.14615651304129,-2.10940172165648,-0.0358411592593621,1.34137312748778,"Harvard University",2,"Top",2016
96,4.8,4.8,3.8,3.97,169,174,93.8,92.8,9,7.3,90.3,2.75729498972221,2.62138626913431,2.73443664115258,2.25005305593047,2.64319069524048,2.6243261707036,2.62809690229554,1.94400964791773,-2.50145525091718,-1.82128636221655,0.516145182125145,"Stanford University",2,"Top",2016
93,4.6,4.7,3.58,3.81,170,174,94.7,97,19,6.3,96.3,2.50064326868074,2.4639992175322,1.74250073746966,1.07802324926023,2.82485328597866,2.6243261707036,2.67649284649546,2.32992639042633,-1.84803270214934,-2.2180519628737,1.25515528244989,"Columbia University",4,"Top",2016
93,4.6,4.7,3.79,3.96,166,172,93.5,96.3,18,8.4,98.6,2.50064326868074,2.4639992175322,2.68934864553063,2.17680119301358,2.09820292302595,2.23496027000574,2.61196492089557,2.26560693334157,-1.91337495702612,-1.38484420149368,1.53844248757438,"University of Chicago",4,"Top",2016
89,4.5,4.5,3.56,3.87,167,172,93.7,95.5,30,8.6,96.2,2.37231740816,2.14922511432797,1.65232474622576,1.51753442676157,2.27986551376413,2.23496027000574,2.62271957516221,2.19209898238755,-1.12926789850472,-1.30549108136225,1.24283844744448,"New York University",6,"Top",2016
88,4.4,4.4,3.52,3.95,164,170,95.8,96.5,16,10.3,96.5,2.24399154763927,1.99183806272585,1.47197276373796,2.10354933009669,1.7348777415496,1.84559436930787,2.73564344496202,2.28398392108007,-2.04405946677969,-0.63098956024509,1.27978895246072,"University of Pennsylvania",7,"Top",2016
84,4.2,4.5,3.66,3.85,166,170,81.8,87.6,21,9.2,98.7,1.98733982659779,2.14922511432797,2.10320470244527,1.37103070092779,2.09820292302595,1.84559436930787,1.98281764629664,1.46620796671661,-1.71734819239577,-1.06743172096796,1.55075932257979,"Duke University",8,"Top",2016
84,4.4,4.5,3.67,3.88,164,169,84.4,90.4,20,13.3,85.7,2.24399154763927,2.14922511432797,2.14829269806722,1.59078628967846,1.7348777415496,1.65091141895894,2.12262815176307,1.72348579505568,-1.78269044727256,0.559307241726366,-0.0504292281238259,"University of California - Berkeley",8,"Top",2016
84,4.3,4.5,3.57,3.93,166,170,97.3,97,18,10.9,93.6,2.11566568711853,2.14922511432797,1.69741274184771,1.95704560426291,2.09820292302595,1.84559436930787,2.81630335196188,2.32992639042633,-1.91337495702612,-0.392930199850799,0.922600737303754,"University of Virginia",8,"Top",2016
83,4.4,4.6,3.57,3.83,165,169,76.9,84.5,27,13,94.3,2.24399154763927,2.30661216593008,1.69741274184771,1.22452697509401,1.91654033228777,1.65091141895894,1.71932861676375,1.18136465676978,-1.32529466313507,0.44027756152922,1.00881858234164,"University of Michigan - Ann Arbor",11,"Top",2016
81,4.1,4.4,3.53,3.83,162,170,82.4,90.8,25,7.2,95.4,1.85901396607706,1.99183806272585,1.51706075935991,1.22452697509401,1.37155256007324,1.84559436930787,2.01508160909658,1.76023977053268,-1.45597917288864,-1.86096292228226,1.14430376740118,"Northwestern University",12,"Top",2016
79,4.2,4.3,3.55,3.76,166,169,87.6,89.6,30,10.5,94.4,1.98733982659779,1.83445101112373,1.60723675060381,0.71176393467578,2.09820292302595,1.65091141895894,2.29470262002944,1.64997784410165,-1.12926789850472,-0.55163644011366,1.02113541734706,"Cornell University",13,"Top",2016
78,4.1,4.4,3.48,3.84,163,168,85.3,89.8,29,12.6,92.3,1.85901396607706,1.99183806272585,1.29162078125015,1.2977788380109,1.55321515081142,1.45622846861001,2.17102409596298,1.66835483184016,-1.1946101533815,0.281571321266359,0.762481882233393,"Georgetown University",14,"Top",2016
76,4,4.2,3.43,3.82,163,168,67.5,86.2,24,10.4,94.8,1.73068810555632,1.67706395952162,1.0661808031404,1.15127511217712,1.55321515081142,1.45622846861001,1.21385986623128,1.33756905254707,-1.52132142776542,-0.591313000179375,1.0704027573687,"University of Texas - Austin",15,"Top",2016
75,3.9,4.1,3.56,3.9,163,169,59.6,82.2,28,10.2,88.2,1.60236224503559,1.5196769079195,1.65232474622576,1.73729001551224,1.55321515081142,1.65091141895894,0.789051022698671,0.970029297776977,-1.25995240825828,-0.670666120310806,0.257491647011485,"UCLA",16,"Top",2016
74,3.8,4.1,3.45,3.84,162,168,84.4,90.8,35,12.8,100,1.47403638451485,1.5196769079195,1.1563567943843,1.2977788380109,1.37155256007324,1.45622846861001,2.12262815176307,1.76023977053268,-0.802556624120795,0.36092444139779,1.71087817765015,"Vanderbilt University",17,"Other",2016
69,3.5,3.9,3.2,3.76,162,167,53,75.7,30,9.7,94.6,1.08905880295264,1.20490280471527,0.0291569038355291,0.71176393467578,1.37155256007324,1.26154551826108,0.434147431899276,0.37277719627557,-1.12926789850472,-0.869048920639382,1.04576908735788,"Washington University in St. Louis",18,"Other",2016
68,3.5,3.8,3.3,3.85,158,166,67.8,93.5,37,12.2,96.8,1.08905880295264,1.04751575311315,0.480036860055037,1.37103070092779,0.644902197120532,1.06686256791214,1.22999184763125,2.0083291050025,-0.671872114367227,0.122865081003498,1.31673945747695,"Emory University",19,"Other",2016
67,3.4,3.7,3.42,3.85,157,166,70.8,78.5,41,10.1,96.5,0.960732942431908,0.890128701511036,1.02109280751845,1.37103070092779,0.463239606382355,1.06686256791214,1.39131166163098,0.630055024614638,-0.410503094860092,-0.710342680376521,1.27978895246072,"University of Minnesota - Twin Cities",20,"Other",2016
67,3.5,3.7,3.55,3.86,163,167,56.1,72.2,28,10.7,85.8,1.08905880295264,0.890128701511036,1.60723675060381,1.44428256384468,1.55321515081142,1.26154551826108,0.600844573032325,0.0511799108517361,-1.25995240825828,-0.47228331998223,-0.0381123931184142,"University of Southern California",20,"Other",2016
66,3.4,3.8,3.42,3.8,159,166,79.1,89.2,45,15.4,64.3,0.960732942431908,1.04751575311315,1.02109280751845,1.00477138634334,0.82656478785871,1.06686256791214,1.83762981369688,1.61322386862465,-0.149134075352956,1.39251500310639,-2.68623191928208,"George Washington University",22,"Other",2016
66,3.2,3.3,3.37,3.94,157,165,62,86.7,27,9.5,97.8,0.704081221390437,0.26058049510257,0.795652829408694,2.0302974671798,0.463239606382355,0.872179617563213,0.918106873898451,1.38351152189334,-1.32529466313507,-0.948402040770812,1.43990780753108,"University of Alabama",22,"Other",2016
66,3.2,3.6,3.51,3.77,157,163,71.1,82.6,41,8.4,97.5,0.704081221390437,0.73274164990892,1.42688476811601,0.785015797592672,0.463239606382355,0.482813716865349,1.40744364303095,1.00678327325399,-0.410503094860092,-1.38484420149368,1.40295730251484,"University of Iowa",22,"Other",2016
66,3.4,3.8,3.44,3.78,160,165,60.9,80.4,37,10.4,97.2,0.960732942431908,1.04751575311315,1.11126879876235,0.85826766050956,1.00822737859689,0.872179617563213,0.858956275431885,0.804636408130434,-0.671872114367227,-0.591313000179375,1.3660067974986,"University of Notre Dame",22,"Other",2016
64,3,3.3,3.37,3.78,157,163,66.7,83.8,44,9.8,87.9,0.447429500348965,0.26058049510257,0.795652829408694,0.85826766050956,0.463239606382355,0.482813716865349,1.17084124916469,1.11704519968502,-0.21447633022974,-0.829372360573666,0.220541141995248,"Arizona State University",26,"Other",2016
64,3.3,3.5,3.42,3.74,160,165,48.2,71.9,39,11,96.7,0.832407081911172,0.575354598306803,1.02109280751845,0.565260208842003,1.00822737859689,0.872179617563213,0.176035729499715,0.0236144292439792,-0.541187604613659,-0.353253639785084,1.30442262247154,"Boston University",26,"Other",2016
63,3.1,3.6,3.51,3.84,160,166,50.8,80.3,26,8.2,93.5,0.575755360869701,0.73274164990892,1.42688476811601,1.2977788380109,1.00822737859689,1.06686256791214,0.315846234966144,0.795447914261181,-1.39063691801185,-1.46419732162511,0.910283902298343,"University of Washington",28,"Other",2016
62,3.2,3.7,3.53,3.89,157,165,62.2,83.9,32,10.7,86.3,0.704081221390437,0.890128701511036,1.51706075935991,1.66403815259535,0.463239606382355,0.872179617563213,0.928861528165099,1.12623369355427,-0.998583388751147,-0.47228331998223,0.0234717819086479,"College of William and Mary",29,"Other",2016
61,3,3.6,3.27,3.7,162,166,42.9,66.7,22,7.9,77.8,0.447429500348965,0.73274164990892,0.344772873189185,0.272252757174442,1.37155256007324,1.06686256791214,-0.108962608566466,-0.454187251957146,-1.65200593751899,-1.58322700182226,-1.02345919355141,"University of California - Irvine",30,"Other",2016
60,3.3,3.7,3.33,3.75,160,164,52,73.5,35,10,82.9,0.832407081911172,0.890128701511036,0.61530084692089,0.638512071758891,1.00822737859689,0.677496667214281,0.380374160566034,0.170630331152017,-0.802556624120795,-0.750019240442236,-0.395300608275373,"University of California - Davis",31,"Other",2016
60,3.1,3.3,3.42,3.8,158,164,51.7,76.1,31,11.1,94.8,0.575755360869701,0.26058049510257,1.02109280751845,1.00477138634334,0.644902197120532,0.677496667214281,0.364242179166061,0.409531171752579,-1.06392564362793,-0.313577079719369,1.0704027573687,"University of Georgia",31,"Other",2016
60,3.3,3.6,3.3,3.76,157,163,41.4,74.5,50,8.2,100,0.832407081911172,0.73274164990892,0.480036860055037,0.71176393467578,0.463239606382355,0.482813716865349,-0.189622515566328,0.262515269844541,0.177577199030964,-1.46419732162511,1.71087817765015,"University of Wisconsin - Madison",31,"Other",2016
59,3.2,3.6,3.32,3.64,159,164,53.8,71.5,44,10.5,94.4,0.704081221390437,0.73274164990892,0.570212851298939,-0.167258420326898,0.82656478785871,0.677496667214281,0.477166048965869,-0.013139546233031,-0.21447633022974,-0.55163644011366,1.02113541734706,"Boston College",34,"Other",2016
59,2.9,3.3,3.52,3.85,156,164,48.3,76.2,36,12.9,89.1,0.319103639828229,0.26058049510257,1.47197276373796,1.37103070092779,0.281577015644177,0.677496667214281,0.181413056633039,0.418719665621833,-0.737214369244011,0.400601001463505,0.368343162060195,"Brigham Young University",34,"Other",2016
59,3.2,3.5,3.35,3.68,160,165,52.4,68.2,35,11.6,90.6,0.704081221390437,0.575354598306803,0.705476838164792,0.125749031340662,1.00822737859689,0.872179617563213,0.40188346909933,-0.31635984391836,-0.802556624120795,-0.115194279390793,0.553095687141382,"Fordham University",34,"Other",2016
59,3.2,3.7,3.3,3.88,154,163,58.4,80.5,62,8.8,95.9,0.704081221390437,0.890128701511036,0.480036860055037,1.59078628967846,-0.0817481658321778,0.482813716865349,0.724523097098781,0.813824901999686,0.961684257552372,-1.22613796123082,1.20588794242824,"Indiana University - Bloomington",34,"Other",2016
59,3.2,3.5,3.44,3.79,156,162,49.8,79.6,50,10.7,94.7,0.704081221390437,0.575354598306803,1.11126879876235,0.931519523426452,0.281577015644177,0.288130766516417,0.262072963632902,0.731128457176414,0.177577199030964,-0.47228331998223,1.05808592236329,"Ohio State University",34,"Other",2016
59,3.4,3.8,3.33,3.66,157,163,45.2,75.4,40,10.7,81.3,0.960732942431908,1.04751575311315,0.61530084692089,-0.0207546944931182,0.463239606382355,0.482813716865349,0.0147159154999904,0.345211714667814,-0.475845349736875,-0.47228331998223,-0.592369968361973,"University of North Carolina - Chapel Hill",34,"Other",2016
58,3.1,3.3,3.34,3.76,156,163,48.9,78.4,47,9.1,89.2,0.575755360869701,0.26058049510257,0.66038884254284,0.71176393467578,0.281577015644177,0.482813716865349,0.213677019432984,0.620866530745386,-0.0184495655993876,-1.10710828103367,0.380659997065609,"University of Colorado - Boulder",40,"Other",2016
57,3.1,3.6,3.15,3.63,158,163,52.4,78.8,42,11.5,84.8,0.575755360869701,0.73274164990892,-0.196283074274227,-0.24051028324379,0.644902197120532,0.482813716865349,0.40188346909933,0.657620506222395,-0.345160839983308,-0.154870839456508,-0.161280743172538,"University of Illinois - Urbana-Champaign",41,"Other",2016
55,2.7,3.2,3.19,3.69,156,163,59.6,74.5,38,11.8,93.1,0.062451918786758,0.103193443500454,-0.0159310917864229,0.199000894257551,0.281577015644177,0.482813716865349,0.789051022698671,0.262515269844541,-0.606529859490443,-0.0358411592593621,0.861016562276692,"George Mason University",42,"Other",2016
55,3,3.3,3.25,3.72,156,163,34,70.7,39,8.8,89.9,0.447429500348965,0.26058049510257,0.254596881945283,0.418756483008223,0.281577015644177,0.482813716865349,-0.587544723432317,-0.08664749718705,-0.541187604613659,-1.22613796123082,0.466877842103496,"University of Arizona",42,"Other",2016
55,2.8,3.1,3.36,3.69,158,161,42.8,77.9,44,7.7,90,0.190777779307493,-0.054193608101662,0.750564833786742,0.199000894257551,0.644902197120532,0.0934478161674853,-0.11433993569979,0.574924061399124,-0.21447633022974,-1.66258012195369,0.479194677108908,"University of Utah",42,"Other",2016
55,3.1,3.7,3.12,3.55,157,163,48.3,63.6,43,8.5,79.6,0.575755360869701,0.890128701511036,-0.331547061140079,-0.826525186578911,0.463239606382355,0.482813716865349,0.181413056633039,-0.739030561903971,-0.279818585106524,-1.34516764142796,-0.801756163453985,"Washington and Lee University",42,"Other",2016
54,2.6,3.2,3.25,3.74,156,163,55.5,80.6,46,15.2,89.6,-0.0658739417339779,0.103193443500454,0.254596881945283,0.565260208842003,0.281577015644177,0.482813716865349,0.56858061023238,0.823013395868938,-0.0837918204761716,1.31316188297495,0.429927337087257,"Southern Methodist University",46,"Other",2016
53,3.1,3.4,3.26,3.68,155,161,37.9,72.9,61,12.2,87.2,0.575755360869701,0.417967546704687,0.299684877567233,0.125749031340662,0.0999144249059997,0.0934478161674853,-0.377828965232674,0.115499367936503,0.896342002675588,0.122865081003498,0.13432329695736,"University of Florida",47,"Other",2016
53,2.9,3.1,3.24,3.68,155,162,44.7,67.7,47,10.8,83.5,0.319103639828229,-0.054193608101662,0.209508886323333,0.125749031340662,0.0999144249059997,0.288130766516417,-0.0121707201666305,-0.362302313264622,-0.0184495655993876,-0.432606759916514,-0.3213995982429,"University of Maryland",47,"Other",2016
53,3,3.5,3.37,3.78,157,163,52.2,62.3,53,9.7,75,0.447429500348965,0.575354598306803,0.795652829408694,0.85826766050956,0.463239606382355,0.482813716865349,0.391128814832682,-0.858480982204253,0.373603963661316,-0.869048920639382,-1.36833057370296,"Wake Forest University",47,"Other",2016
52,2.9,2.9,3.22,3.64,156,161,32.5,81,41,12.2,88.4,0.319103639828229,-0.368967711305895,0.119332895079431,-0.167258420326898,0.281577015644177,0.0934478161674853,-0.66820463043218,0.859767371345948,-0.410503094860092,0.122865081003498,0.28212531702231,"Florida State University",50,"Other",2016
52,3,3.3,3.18,3.61,157,163,36.1,65.2,51,11.2,66.3,0.447429500348965,0.26058049510257,-0.0610190874083729,-0.38701400907757,0.463239606382355,0.482813716865349,-0.474620853632509,-0.592014659995933,0.242919453907748,-0.273900519653654,-2.43989521917384,"Tulane University",50,"Other",2016
51,2.6,3.3,3.28,3.71,153,162,36.2,64.8,46,11.9,80.9,-0.0658739417339779,0.26058049510257,0.389860868811135,0.345504620091331,-0.263410756570355,0.288130766516417,-0.469243526499185,-0.628768635472943,-0.0837918204761716,0.00383540080635293,-0.641637308383622,"Pepperdine University",52,"Other",2016
51,2.6,3,3.18,3.66,156,162,44.1,70.2,42,9.6,90,-0.0658739417339779,-0.211580659703778,-0.0610190874083729,-0.0207546944931182,0.281577015644177,0.288130766516417,-0.0444346829665756,-0.132589966533312,-0.345160839983308,-0.908725480705097,0.479194677108908,"Temple University",52,"Other",2016
51,2.5,3,3.21,3.62,155,162,50.7,71.8,34,9.2,78.6,-0.194199802254714,-0.211580659703778,0.074244899457479,-0.313762146160679,0.0999144249059997,0.288130766516417,0.31046890783282,0.014425935374726,-0.867898878997579,-1.06743172096796,-0.924924513508109,"University of Richmond",52,"Other",2016
51,2.6,2.9,3.44,3.85,154,160,49.1,76,40,9.3,94.3,-0.0658739417339779,-0.368967711305895,1.11126879876235,1.37103070092779,-0.0817481658321778,-0.101235134181447,0.224431673699633,0.400342677883327,-0.475845349736875,-1.02775516090224,1.00881858234164,"University of Tennessee - Knoxville",52,"Other",2016
50,2.4,3.3,3.3,3.69,155,162,35.8,73.9,30,13.8,97,-0.32252566277545,0.26058049510257,0.480036860055037,0.199000894257551,0.0999144249059997,0.288130766516417,-0.490752835032482,0.207384306629027,-1.12926789850472,0.757690042054942,1.34137312748778,"Baylor University",56,"Other",2016
50,2.5,2.7,3.12,3.61,155,160,70.8,78.5,28,10.4,94.4,-0.194199802254714,-0.683741814510127,-0.331547061140079,-0.38701400907757,0.0999144249059997,-0.101235134181447,1.39131166163098,0.630055024614638,-1.25995240825828,-0.591313000179375,1.02113541734706,"Georgia State University",56,"Other",2016
50,2.4,3.1,3.41,3.88,152,159,51.6,76.6,68,10.5,86.7,-0.32252566277545,-0.054193608101662,0.976004811896498,1.59078628967846,-0.445073347308533,-0.295918084530378,0.358864852032737,0.455473641098841,1.35373778681308,-0.55163644011366,0.0727391219302983,"University of Nebraska - Lincoln",56,"Other",2016
49,2.5,3.1,3.24,3.63,157,162,34.5,70.7,33,10.6,87.2,-0.194199802254714,-0.054193608101662,0.209508886323333,-0.24051028324379,0.463239606382355,0.288130766516417,-0.560658087765696,-0.08664749718705,-0.933241133874363,-0.511959880047945,0.13432329695736,"Case Western Reserve University",59,"Other",2016
49,3.1,3.8,3.21,3.62,155,161,31.4,47.2,49,14.1,74.2,0.575755360869701,1.04751575311315,0.074244899457479,-0.313762146160679,0.0999144249059997,0.0934478161674853,-0.727355228898746,-2.24594355646137,0.11223494415418,0.876719722252087,-1.46686525374625,"University of California",59,"Other",2016
49,2.5,2.7,3.21,3.62,155,161,51.9,77.8,42,8.2,88.2,-0.194199802254714,-0.683741814510127,0.074244899457479,-0.313762146160679,0.0999144249059997,0.0934478161674853,0.37499683343271,0.565735567529871,-0.345160839983308,-1.46419732162511,0.257491647011485,"University of Houston",59,"Other",2016
49,2.6,3,3.08,3.72,154,160,40.5,78.6,49,10.4,93.3,-0.0658739417339779,-0.211580659703778,-0.511899043627882,0.418756483008223,-0.0817481658321778,-0.101235134181447,-0.238018459766246,0.63924351848389,0.11223494415418,-0.591313000179375,0.885650232287517,"University of Missouri",59,"Other",2016
48,2.3,3,3.14,3.71,152,159,58.3,77.7,50,10.6,87.8,-0.450851523296185,-0.211580659703778,-0.241371069896177,0.345504620091331,-0.445073347308533,-0.295918084530378,0.719145769965457,0.556547073660619,0.177577199030964,-0.511959880047945,0.208224306989834,"Seton Hall University",63,"Other",2016
48,2.8,2.7,3.15,3.6,155,160,28.6,59.9,54,9.6,84.3,0.190777779307493,-0.683741814510127,-0.196283074274227,-0.460265871994459,0.0999144249059997,-0.101235134181447,-0.877920388631822,-1.07900483506631,0.4389462185381,-0.908725480705097,-0.222864918199601,"University of Connecticut",63,"Other",2016
48,2.5,3.1,3.22,3.71,152,158,56.4,84.2,59,11.1,90.2,-0.194199802254714,-0.054193608101662,0.119332895079431,0.345504620091331,-0.445073347308533,-0.49060103487931,0.616976554432297,1.15379917516203,0.76565749292202,-0.313577079719369,0.503828347119733,"University of Kentucky",63,"Other",2016
48,2.7,3.1,3.19,3.63,155,160,39.3,70.5,51,12.1,81.6,0.062451918786758,-0.054193608101662,-0.0159310917864229,-0.24051028324379,0.0999144249059997,-0.101235134181447,-0.302546385366136,-0.105024484925555,0.242919453907748,0.0831885209377831,-0.555419463345736,"University of Miami",63,"Other",2016
47,2.7,3,3.1,3.62,153,159,37.1,64.8,62,9.5,95.7,0.062451918786758,-0.211580659703778,-0.421723052383981,-0.313762146160679,-0.263410756570355,-0.295918084530378,-0.420847582299268,-0.628768635472943,0.961684257552372,-0.948402040770812,1.18125427241742,"University of Denver",67,"Other",2016
47,2.6,3.1,3.2,3.69,153,161,30.1,76.9,57,10.8,87.9,-0.0658739417339779,-0.054193608101662,0.0291569038355291,0.199000894257551,-0.263410756570355,0.0934478161674853,-0.79726048163196,0.4830391227066,0.634972983168452,-0.432606759916514,0.220541141995248,"University of Kansas",67,"Other",2016
47,2.3,2.5,3.06,3.62,154,161,43.9,71.2,35,10.2,75.4,-0.450851523296185,-0.99851591771436,-0.602075034871784,-0.313762146160679,-0.0817481658321778,0.0934478161674853,-0.0551893372332241,-0.040705027840788,-0.802556624120795,-0.670666120310806,-1.31906323368131,"University of Nevada - Las Vegas",67,"Other",2016
47,2.4,3.1,3.24,3.76,155,158,46.7,81,43,13.9,88.1,-0.32252566277545,-0.054193608101662,0.209508886323333,0.71176393467578,0.0999144249059997,-0.49060103487931,0.0953758224998529,0.859767371345948,-0.279818585106524,0.797366602120657,0.245174812006071,"University of Oklahoma",67,"Other",2016
46,2.8,3.2,3.13,3.54,152,158,50.7,60.6,50,11,74.6,0.190777779307493,0.103193443500454,-0.286459065518129,-0.8997770494958,-0.445073347308533,-0.49060103487931,0.31046890783282,-1.01468537798154,0.177577199030964,-0.353253639785084,-1.41759791372461,"American University",71,"Other",2016
46,2.2,3.1,3.3,3.79,153,160,29.1,52.3,46,8.6,94.3,-0.579177383816921,-0.054193608101662,0.480036860055037,0.931519523426452,-0.263410756570355,-0.101235134181447,-0.851033752965201,-1.77733036912949,-0.0837918204761716,-1.30549108136225,1.00881858234164,"Pennsylvania State University",71,"Other",2016
46,2.4,2.7,3.07,3.74,150,157,57,76.3,44,8.7,85.4,-0.32252566277545,-0.683741814510127,-0.556987039249834,0.565260208842003,-0.808398528784888,-0.685283985228242,0.649240517232242,0.427908159491084,-0.21447633022974,-1.26581452129653,-0.0873797331400629,"University of New Mexico",71,"Other",2016
46,2.6,2.9,3.23,3.66,155,161,42.5,60.1,47,10.8,75,-0.0658739417339779,-0.368967711305895,0.164420890701381,-0.0207546944931182,0.0999144249059997,0.0934478161674853,-0.130471917099762,-1.06062784732781,-0.0184495655993876,-0.432606759916514,-1.36833057370296,"University of San Diego",71,"Other",2016
45,2.5,3.1,3.21,3.62,156,161,30.3,59.1,47,14.8,84.7,-0.194199802254714,-0.054193608101662,0.074244899457479,-0.313762146160679,0.281577015644177,0.0934478161674853,-0.786505827365311,-1.15251278602033,-0.0184495655993876,1.15445564271209,-0.17359757817795,"Loyola Marymount University",75,"Other",2016
45,2.3,2.9,3.24,3.74,151,157,40.9,79.5,60,11.5,85.7,-0.450851523296185,-0.368967711305895,0.209508886323333,0.565260208842003,-0.62673593804671,-0.685283985228242,-0.216509151232949,0.721939963307162,0.830999747798804,-0.154870839456508,-0.0504292281238259,"University of Arkansas - Fayetteville",75,"Other",2016
45,2.7,2.9,3.25,3.67,155,162,33.2,61.6,52,12.9,84.7,0.062451918786758,-0.368967711305895,0.254596881945283,0.0524971684237703,0.0999144249059997,0.288130766516417,-0.63056334049891,-0.92280043928902,0.308261708784532,0.400601001463505,-0.17359757817795,"Yeshiva University",75,"Other",2016
44,2.5,2.7,3.05,3.53,153,159,48.1,69,53,16,92.7,-0.194199802254714,-0.683741814510127,-0.647163030493736,-0.973028912412692,-0.263410756570355,-0.295918084530378,0.170658402366391,-0.242851892964341,0.373603963661316,1.63057436350068,0.811749222255044,"Brooklyn Law School",78,"Other",2016
44,2.5,2.8,3.17,3.62,152,159,35.8,67.4,62,10.8,93,-0.194199802254714,-0.526354762908011,-0.106107083030325,-0.313762146160679,-0.445073347308533,-0.295918084530378,-0.490752835032482,-0.389867794872379,0.961684257552372,-0.432606759916514,0.848699727271281,"Illinois Institute of Technology",78,"Other",2016
44,2.4,3.1,3.05,3.52,155,159,38.8,64.7,52,12.2,88.3,-0.32252566277545,-0.054193608101662,-0.647163030493736,-1.04628077532958,0.0999144249059997,-0.295918084530378,-0.329433021032757,-0.637957129342195,0.308261708784532,0.122865081003498,0.269808482016896,"Loyola University Chicago",78,"Other",2016
44,2.6,3.2,3.09,3.68,152,160,29.8,68.2,44,11.9,80.3,-0.0658739417339779,0.103193443500454,-0.466811048005932,0.125749031340662,-0.445073347308533,-0.101235134181447,-0.813392463031932,-0.31635984391836,-0.21447633022974,0.00383540080635293,-0.715538318416097,"University of Pittsburgh",78,"Other",2016
43,2.2,2.8,3.19,3.64,153,159,36.6,67.3,46,13.9,87.6,-0.579177383816921,-0.526354762908011,-0.0159310917864229,-0.167258420326898,-0.263410756570355,-0.295918084530378,-0.447734217965888,-0.399056288741633,-0.0837918204761716,0.797366602120657,0.183590636979009,"St. John's University",82,"Other",2016
43,2.3,2.9,3.22,3.7,151,159,36.2,69.1,60,8.4,89,-0.450851523296185,-0.368967711305895,0.119332895079431,0.272252757174442,-0.62673593804671,-0.295918084530378,-0.469243526499185,-0.233663399095089,0.830999747798804,-1.38484420149368,0.356026327054784,"University of Cincinnati",82,"Other",2016
43,2.4,2.6,3.07,3.6,152,159,35.8,71.6,38,7.9,82.6,-0.32252566277545,-0.841128866112244,-0.556987039249834,-0.460265871994459,-0.445073347308533,-0.295918084530378,-0.490752835032482,-0.00395105236377912,-0.606529859490443,-1.58322700182226,-0.432251113291612,"University of Hawaii - Manoa",82,"Other",2016
43,2.6,3.2,2.97,3.56,154,159,27.8,62.9,54,11.2,77.6,-0.0658739417339779,0.103193443500454,-1.00786699546934,-0.753273323662019,-0.0817481658321778,-0.295918084530378,-0.920939005698416,-0.803350018988738,0.4389462185381,-0.273900519653654,-1.04809286356223,"University of Oregon",82,"Other",2016
43,1.9,2.7,3.12,3.73,151,158,43.8,78.6,33,9.8,85.3,-0.964154965379128,-0.683741814510127,-0.331547061140079,0.492008345925111,-0.62673593804671,-0.49060103487931,-0.0605666643665484,0.63924351848389,-0.933241133874363,-0.829372360573666,-0.0996965681454763,"University of Tulsa",82,"Other",2016
42,2.3,2.8,3.25,3.68,153,162,20.2,55.5,38,12.7,88.3,-0.450851523296185,-0.526354762908011,0.254596881945283,0.125749031340662,-0.263410756570355,0.288130766516417,-1.32961586783105,-1.48329856531342,-0.606529859490443,0.321247881332074,0.269808482016896,"Northeastern University",87,"Other",2016
42,2.4,2.9,3.05,3.54,153,159,41.9,64.8,44,14.8,70.4,-0.32252566277545,-0.368967711305895,-0.647163030493736,-0.8997770494958,-0.263410756570355,-0.295918084530378,-0.162735879899708,-0.628768635472943,-0.21447633022974,1.15445564271209,-1.93490498395193,"Rutgers University - Newark",87,"Other",2016
42,2.2,3,3.19,3.65,151,158,48.2,67.4,62,9.2,91.3,-0.579177383816921,-0.211580659703778,-0.0159310917864229,-0.0940065574100099,-0.62673593804671,-0.49060103487931,0.176035729499715,-0.389867794872379,0.961684257552372,-1.06743172096796,0.639313532179269,"St. Louis University",87,"Other",2016
42,2.2,2.7,3.11,3.66,151,157,40.3,71.2,56,10,83,-0.579177383816921,-0.683741814510127,-0.376635056762031,-0.0207546944931182,-0.62673593804671,-0.685283985228242,-0.248773114032894,-0.040705027840788,0.569630728291668,-0.750019240442236,-0.382983773269962,"SUNY Buffalo Law School",87,"Other",2016
42,2.2,2.9,3.19,3.55,153,157,38.7,66.7,56,10.2,85.6,-0.579177383816921,-0.368967711305895,-0.0159310917864229,-0.826525186578911,-0.263410756570355,-0.685283985228242,-0.334810348166081,-0.454187251957146,0.569630728291668,-0.670666120310806,-0.0627460631292394,"Syracuse University",87,"Other",2016
42,1.9,2.6,3.16,3.71,152,158,49.5,76.6,48,12,83.7,-0.964154965379128,-0.841128866112244,-0.151195078652275,0.345504620091331,-0.445073347308533,-0.49060103487931,0.24594098223293,0.455473641098841,0.0468926892773964,0.043511960872068,-0.296765928232074,"University of New Hampshire School of Law",87,"Other",2016
42,2.3,3.2,3.33,3.72,152,159,40.8,63.3,51,15.4,86.6,-0.450851523296185,0.103193443500454,0.61530084692089,0.418756483008223,-0.445073347308533,-0.295918084530378,-0.221886478366274,-0.766596043511729,0.242919453907748,1.39251500310639,0.0604222869248848,"Villanova University",87,"Other",2016
41,2.4,3,3,3.58,155,161,32,66,67,10.3,81.2,-0.32252566277545,-0.211580659703778,-0.87260300860349,-0.606769597828239,0.0999144249059997,0.0934478161674853,-0.6950912660988,-0.518506709041914,1.28839553193629,-0.63098956024509,-0.604686803367385,"Lewis and Clark College",94,"Other",2016
41,2.2,2.8,2.96,3.53,153,158,45.9,80.7,62,16.4,73.4,-0.579177383816921,-0.526354762908011,-1.05295499109129,-0.973028912412692,-0.263410756570355,-0.49060103487931,0.0523572054332593,0.832201889738191,0.961684257552372,1.78928060376354,-1.56539993378955,"Louisiana State University - Baton Rouge",94,"Other",2016
41,2.3,2.9,3.25,3.73,150,158,29.2,56.8,43,12.7,81.1,-0.450851523296185,-0.368967711305895,0.254596881945283,0.492008345925111,-0.808398528784888,-0.49060103487931,-0.845656425831877,-1.36384814501314,-0.279818585106524,0.321247881332074,-0.617003638372798,"Michigan State University",94,"Other",2016
41,2.4,3.1,3.04,3.47,156,160,25.5,56.2,50,10.6,71.9,-0.32252566277545,-0.054193608101662,-0.692251026115686,-1.41254008991403,0.281577015644177,-0.101235134181447,-1.04461752976487,-1.41897910822865,0.177577199030964,-0.511959880047945,-1.75015245887074,"Santa Clara University",94,"Other",2016
41,2.1,2.9,3.17,3.62,150,157,46.9,80.5,70,12.7,80.2,-0.707503244337657,-0.368967711305895,-0.106107083030325,-0.313762146160679,-0.808398528784888,-0.685283985228242,0.106130476766501,0.813824901999686,1.48442229656664,0.321247881332074,-0.727855153421509,"University of Louisville",94,"Other",2016
41,2.2,2.7,3.2,3.66,151,156,27.9,72.1,44,10.8,90.8,-0.579177383816921,-0.683741814510127,0.0291569038355291,-0.0207546944931182,-0.62673593804671,-0.879966935577174,-0.915561678565092,0.0419914169824829,-0.21447633022974,-0.432606759916514,0.577729357152207,"University of Mississippi",94,"Other",2016
41,2.3,2.8,2.95,3.54,152,157,38.7,75.6,57,13.4,84.7,-0.450851523296185,-0.526354762908011,-1.09804298671324,-0.8997770494958,-0.445073347308533,-0.685283985228242,-0.334810348166081,0.363588702406317,0.634972983168452,0.598983801792081,-0.17359757817795,"University of South Carolina",94,"Other",2016
41,2.1,2.7,3.09,3.7,152,156,33.1,73.1,54,9.3,76.9,-0.707503244337657,-0.683741814510127,-0.466811048005932,0.272252757174442,-0.445073347308533,-0.879966935577174,-0.635940667632234,0.133876355675007,0.4389462185381,-1.02775516090224,-1.13431070860012,"West Virginia University",94,"Other",2016
40,1.7,1.9,3.11,3.76,151,158,47.17826,77.1,27,10.7,84.8,-1.2208066864206,-1.94283822732706,-0.376635056762031,0.71176393467578,-0.62673593804671,-0.49060103487931,0.121093427247689,0.501416110445103,-1.32529466313507,-0.47228331998223,-0.161280743172538,"Florida International University",102,"Other",2016
40,2.4,3.1,3.02,3.57,148,155,41.6,70.8,74,14.5,81.8,-0.32252566277545,-0.054193608101662,-0.782427017359588,-0.680021460745131,-1.17172371026124,-1.07464988592611,-0.17886786129968,-0.0774590033177981,1.74579131607378,1.03542596251495,-0.530785793334911,"Indiana University - Indianapolis",102,"Other",2016
40,2.4,2.9,2.82,3.48,152,158,52.5,65.6,42,9.3,83.8,-0.32252566277545,-0.368967711305895,-1.68418692979861,-1.33928822699714,-0.445073347308533,-0.49060103487931,0.407260796232655,-0.555260684518924,-0.345160839983308,-1.02775516090224,-0.284449093226663,"Rutgers University - Camden",102,"Other",2016
39,2.3,3,3.12,3.52,149,155,38.3,72.3,73,14.4,100,-0.450851523296185,-0.211580659703778,-0.331547061140079,-1.04628077532958,-0.990061119523065,-1.07464988592611,-0.356319656699378,0.060368404720988,1.680449061197,0.995749402449233,1.71087817765015,"Marquette University",105,"Other",2016
39,2.1,2.7,2.97,3.53,152,157,39.75556,70.7,51,14.3,89.2,-0.707503244337657,-0.683741814510127,-1.00786699546934,-0.973028912412692,-0.445073347308533,-0.685283985228242,-0.278049433877564,-0.08664749718705,0.242919453907748,0.956072842383518,0.380659997065609,"Stetson University",105,"Other",2016
39,1.9,2.6,2.99,3.52,152,160,27.6,62.1,49,9.9,78.4,-0.964154965379128,-0.841128866112244,-0.91769100422544,-1.04628077532958,-0.445073347308533,-0.101235134181447,-0.931693659965064,-0.876857969942757,0.11223494415418,-0.789695800507951,-0.949558183518932,"Wayne State University",105,"Other",2016
38,2.1,2.9,2.87,3.35,151,157,46.6,68.5,55,8.8,79.2,-0.707503244337657,-0.368967711305895,-1.45874695168885,-2.29156244491671,-0.62673593804671,-0.685283985228242,0.0899984953665287,-0.288794362310603,0.504288473414884,-1.22613796123082,-0.851023503475633,"The Catholic University of America",108,"Other",2016
38,2,2.7,3.1,3.59,149,155,52.6,77.6,52,11.2,85,-0.835829104858393,-0.683741814510127,-0.421723052383981,-0.533517734911351,-0.990061119523065,-1.07464988592611,0.412638123365979,0.547358579791365,0.308261708784532,-0.273900519653654,-0.136647073161713,"University of Wyoming",108,"Other",2016
37,2,2.9,3.02,3.55,151,155,29.2,72,67,14.9,92.6,-0.835829104858393,-0.368967711305895,-0.782427017359588,-0.826525186578911,-0.62673593804671,-1.07464988592611,-0.845656425831877,0.032802923113231,1.28839553193629,1.19413220277781,0.79943238724963,"Gonzaga University",110,"Other",2016
37,2.3,2.8,2.95,3.48,148,155,47.8,65.9,41,10.3,67.5,-0.450851523296185,-0.526354762908011,-1.09804298671324,-1.33928822699714,-1.17172371026124,-1.07464988592611,0.154526420966418,-0.527695202911165,-0.410503094860092,-0.63098956024509,-2.29209319910889,"Howard University",110,"Other",2016
37,2.2,2.8,3.2,3.57,149,157,41.7,60.4,56,9.4,87.5,-0.579177383816921,-0.526354762908011,0.0291569038355291,-0.680021460745131,-0.990061119523065,-0.685283985228242,-0.173490534166356,-1.03306236572005,0.569630728291668,-0.988078600836528,0.171273801973597,"University of Maine",110,"Other",2016
36,1.9,2.9,2.91,3.61,148,154,40,69.6,72,12.5,73.5,-0.964154965379128,-0.368967711305895,-1.27839496920105,-0.38701400907757,-1.17172371026124,-1.26933283627504,-0.264905095432867,-0.187720929748827,1.61510680632021,0.241894761200644,-1.55308309878414,"Creighton University",113,"Other",2016
36,2,2.5,2.97,3.63,151,158,28.075,55.8,40,6.6,79.2,-0.835829104858393,-0.99851591771436,-1.00786699546934,-0.24051028324379,-0.62673593804671,-0.49060103487931,-0.906151356081774,-1.45573308370566,-0.475845349736875,-2.09902228267655,-0.851023503475633,"CUNY",113,"Other",2016
36,1.9,2.8,2.97,3.53,148,158,29.7,74.6,78,11,94.5,-0.964154965379128,-0.526354762908011,-1.00786699546934,-0.973028912412692,-1.17172371026124,-0.49060103487931,-0.818769790165256,0.271703763713793,2.00716033558092,-0.353253639785084,1.03345225235247,"Drake University",113,"Other",2016
36,2.2,3,3.06,3.49,151,157,28.075,54.7,61,12.1,82.2,-0.579177383816921,-0.211580659703778,-0.602075034871784,-1.26603636408025,-0.62673593804671,-0.685283985228242,-0.906151356081774,-1.55680651626744,0.896342002675588,0.0831885209377831,-0.481518453313261,"Seattle University",113,"Other",2016
36,1.9,2.4,3.06,3.7,151,158,45.7,72.8,57,15,85.9,-0.964154965379128,-1.15590296931648,-0.602075034871784,0.272252757174442,-0.62673593804671,-0.49060103487931,0.0416025511666112,0.10631087406725,0.634972983168452,1.23380876284352,-0.0257955581130007,"University of Montana",113,"Other",2016
35,1.7,2.7,3.13,3.66,150,155,33.7,67.8,58,14.8,82.2,-1.2208066864206,-0.683741814510127,-0.286459065518129,-0.0207546944931182,-0.808398528784888,-1.07464988592611,-0.603676704832289,-0.35311381939537,0.700315238045236,1.15445564271209,-0.481518453313261,"Duquesne University",118,"Other",2016
35,2,2.6,3.05,3.5,147,155,31.2,72,61,14.5,86.8,-0.835829104858393,-0.841128866112244,-0.647163030493736,-1.19278450116336,-1.35338630099942,-1.07464988592611,-0.738109883165394,0.032802923113231,0.896342002675588,1.03542596251495,0.08505595693571,"Mercer University",118,"Other",2016
35,1.8,2.6,3.17,3.65,151,157,28.2,71,57,14.7,86.9,-1.09248082589986,-0.841128866112244,-0.106107083030325,-0.0940065574100099,-0.62673593804671,-0.685283985228242,-0.899429697165119,-0.0590820155792931,0.634972983168452,1.11477908264638,0.0973727919411235,"Texas Tech University",118,"Other",2016
35,2,2.8,2.99,3.47,149,155,25.2,74.8,72,8.2,80.6,-0.835829104858393,-0.526354762908011,-0.91769100422544,-1.41254008991403,-0.990061119523065,-1.07464988592611,-1.06074951116484,0.290080751452298,1.61510680632021,-1.46419732162511,-0.678587813399861,"Willamette University",118,"Other",2016
34,2.2,2.8,2.98,3.56,148,155,24.3,58.5,65,13.1,87.3,-0.579177383816921,-0.526354762908011,-0.962778999847392,-0.753273323662019,-1.17172371026124,-1.07464988592611,-1.10914545536476,-1.20764374923584,1.15771102218272,0.479954121594935,0.146640131962772,"DePaul University",122,"Other",2016
34,2.1,2.8,3.03,3.55,147,155,32.58,65.1,61,14.8,82.6,-0.707503244337657,-0.526354762908011,-0.737339021737638,-0.826525186578911,-1.35338630099942,-1.07464988592611,-0.66390276872552,-0.601203153865186,0.896342002675588,1.15445564271209,-0.432251113291612,"Hofstra University",122,"Other",2016
34,2,2.6,2.86,3.56,148,154,47.3,67.8,59,12.2,84.9,-0.835829104858393,-0.841128866112244,-1.5038349473108,-0.753273323662019,-1.17172371026124,-1.26933283627504,0.127639785299798,-0.35311381939537,0.76565749292202,0.122865081003498,-0.148963908167125,"University of Baltimore",122,"Other",2016
34,2,2.7,2.9,3.52,146,156,29,65.5,74,10.4,66.7,-0.835829104858393,-0.683741814510127,-1.323482964823,-1.04628077532958,-1.5350488917376,-0.879966935577174,-0.856411080098526,-0.564449178388176,1.74579131607378,-0.591313000179375,-2.39062787915219,"Vermont Law School",122,"Other",2016
34,1.8,2.5,2.96,3.63,148,156,26.5,72.8,64,9.6,86.3,-1.09248082589986,-0.99851591771436,-1.05295499109129,-0.24051028324379,-1.17172371026124,-0.879966935577174,-0.99084425843163,0.10631087406725,1.09236876730594,-0.908725480705097,0.0234717819086479,"Washburn University",122,"Other",2016
33,1.8,2.4,3.17,3.56,153,158,21.5,45.7,52,9.1,75.7,-1.09248082589986,-1.15590296931648,-0.106107083030325,-0.753273323662019,-0.263410756570355,-0.49060103487931,-1.25971061509784,-2.38377096450015,0.308261708784532,-1.10710828103367,-1.28211272866507,"Chapman University",127,"Other",2016
33,1.7,2.5,2.99,3.54,151,156,28.3,67.9,55,10,91.1,-1.2208066864206,-0.99851591771436,-0.91769100422544,-0.8997770494958,-0.62673593804671,-0.879966935577174,-0.894052370031795,-0.343925325526117,0.504288473414884,-0.750019240442236,0.614679862168444,"Cleveland State University ",127,"Other",2016
33,2,2.5,3.05,3.49,151,156,29.7,60.1,50,10.5,80.2,-0.835829104858393,-0.99851591771436,-0.647163030493736,-1.26603636408025,-0.62673593804671,-0.879966935577174,-0.818769790165256,-1.06062784732781,0.177577199030964,-0.55163644011366,-0.727855153421509,"Drexel University",127,"Other",2016
33,1.8,2.6,2.8,3.5,148,154,31.7,58.4,56,12.5,82.4,-1.09248082589986,-0.841128866112244,-1.77436292104251,-1.19278450116336,-1.17172371026124,-1.26933283627504,-0.711223247498773,-1.2168322431051,0.569630728291668,0.241894761200644,-0.456884783302436,"New York Law School",127,"Other",2016
33,1.9,2.1,3,3.57,150,155,23.6,62.2,56,10.6,82.2,-0.964154965379128,-1.62806412412283,-0.87260300860349,-0.680021460745131,-0.808398528784888,-1.07464988592611,-1.14678674529803,-0.867669476073505,0.569630728291668,-0.511959880047945,-0.481518453313261,"Quinnipiac University",127,"Other",2016
33,1.7,2.3,2.93,3.68,147,155,28.9,64.5,65,10.7,83.8,-1.2208066864206,-1.31329002091859,-1.18821897795715,0.125749031340662,-1.35338630099942,-1.07464988592611,-0.86178840723185,-0.6563341170807,1.15771102218272,-0.47228331998223,-0.284449093226663,"University of Akron",127,"Other",2016
33,2,2.6,2.75,3.52,147,154,32.58,73.5,61,11.1,81.1,-0.835829104858393,-0.841128866112244,-1.99980289915226,-1.04628077532958,-1.35338630099942,-1.26933283627504,-0.66390276872552,0.170630331152017,0.896342002675588,-0.313577079719369,-0.617003638372798,"University of Idaho",127,"Other",2016
33,2.2,2.6,2.96,3.54,150,154,28.0875,60.8,55,12.8,91.7,-0.579177383816921,-0.841128866112244,-1.05295499109129,-0.8997770494958,-0.808398528784888,-1.26933283627504,-0.905479190190109,-0.996308390243039,0.504288473414884,0.36092444139779,0.688580872200919,"University of Missouri - Kansas City",127,"Other",2016
32,2.1,2.9,2.84,3.47,150,157,18,58.2,58,10.9,64.9,-0.707503244337657,-0.368967711305895,-1.59401093855471,-1.41254008991403,-0.808398528784888,-0.685283985228242,-1.44791706476418,-1.2352092308436,0.700315238045236,-0.392930199850799,-2.61233090924961,"Loyola University New Orleans",135,"Other",2016
32,2.1,2.7,3,3.59,146,155,16.6,62.9,66,15.2,69.8,-0.707503244337657,-0.683741814510127,-0.87260300860349,-0.533517734911351,-1.5350488917376,-1.07464988592611,-1.52319964463072,-0.803350018988738,1.22305327705951,1.31316188297495,-2.0088059939844,"University of Arkansas - Little Rock",135,"Other",2016
32,1.8,2.5,3.17,3.61,150,158,21.5,62.7,73,13.5,87.1,-1.09248082589986,-0.99851591771436,-0.106107083030325,-0.38701400907757,-0.808398528784888,-0.49060103487931,-1.25971061509784,-0.821727006727243,1.680449061197,0.638660361857796,0.122006461951947,"University of St. Thomas",135,"Other",2016
31,1.7,2.5,2.9,3.51,148,154,38.3,68.4,61,14.4,79.8,-1.2208066864206,-0.99851591771436,-1.323482964823,-1.11953263824647,-1.17172371026124,-1.26933283627504,-0.356319656699378,-0.297982856179855,0.896342002675588,0.995749402449233,-0.77712249344316,"Albany Law School",138,"Other",2016
31,1.9,2.3,2.9,3.55,148,153,28.0875,52.7,62,9.8,79.3,-0.964154965379128,-1.31329002091859,-1.323482964823,-0.826525186578911,-1.17172371026124,-1.46401578662397,-0.905479190190109,-1.74057639365248,0.961684257552372,-0.829372360573666,-0.838706668470222,"Pace University",138,"Other",2016
31,1.9,2.6,2.94,3.61,143,152,32.58,73,54,13.6,75.9,-0.964154965379128,-0.841128866112244,-1.1431309823352,-0.38701400907757,-2.08003666395213,-1.6586987369729,-0.66390276872552,0.124687861805755,0.4389462185381,0.678336921923511,-1.25747905865424,"University of North Dakota",138,"Other",2016
31,2.1,2.9,2.94,3.4,151,156,25.5,47.5,61,12.6,74.1,-0.707503244337657,-0.368967711305895,-1.1431309823352,-1.92530313033226,-0.62673593804671,-0.879966935577174,-1.04461752976487,-2.21837807485361,0.896342002675588,0.281571321266359,-1.47918208875167,"University of San Francisco",138,"Other",2016
30,1.8,2.2,2.87,3.51,150,157,23.4,66.1,51,12.4,88,-1.09248082589986,-1.47067707252071,-1.45874695168885,-1.11953263824647,-0.808398528784888,-0.685283985228242,-1.15754139956468,-0.509318215172662,0.242919453907748,0.202218201134929,0.232857977000659,"University of Memphis",142,"Other",2016
30,1.7,2.3,3.01,3.55,148,154,22.9,61,61,10.2,84.6,-1.2208066864206,-1.31329002091859,-0.82751501298154,-0.826525186578911,-1.17172371026124,-1.26933283627504,-1.1844280352313,-0.977931402504534,0.896342002675588,-0.670666120310806,-0.185914413183364,"University of Toledo",142,"Other",2016
30,1.8,2.4,2.98,3.59,149,156,28.3,71.7,72,20.4,88.8,-1.09248082589986,-1.15590296931648,-0.962778999847392,-0.533517734911351,-0.990061119523065,-0.879966935577174,-0.894052370031795,0.00523744150547407,1.61510680632021,3.37634300639215,0.331392657043958,"William Mitchell College of Law",142,"Other",2016
29,1.7,2.4,2.99,3.46,146,155,23.2,69.2,70,16.8,83.7,-1.2208066864206,-1.15590296931648,-0.91769100422544,-1.48579195283092,-1.5350488917376,-1.07464988592611,-1.16829605383133,-0.224474905225836,1.48442229656664,1.9479868440264,-0.296765928232074,"Hamline University",145,"Other",2016
29,1.5,2.1,2.86,3.58,144,152,47.17826,77.1,49,11.5,90.3,-1.47745840746207,-1.62806412412283,-1.5038349473108,-0.606769597828239,-1.89837407321395,-1.6586987369729,0.121093427247689,0.501416110445103,0.11223494415418,-0.154870839456508,0.516145182125145,"Ohio Northern University",145,"Other",2016
29,1.7,2.5,2.86,3.38,145,151,32.58,75.3,58,13.5,78.8,-1.2208066864206,-0.99851591771436,-1.5038349473108,-2.07180685616604,-1.71671148247578,-1.85338168732183,-0.66390276872552,0.33602322079856,0.700315238045236,0.638660361857796,-0.900290843497284,"University of Dayton",145,"Other",2016
29,1.8,2.3,2.71,3.44,144,152,59.2,83.1,82,11.6,97.4,-1.09248082589986,-1.31329002091859,-2.18015488164007,-1.6322956786647,-1.89837407321395,-1.6586987369729,0.767541714165374,1.05272574260025,2.26852935508805,-0.115194279390793,1.39064046750943,"University of South Dakota",145,"Other",2016
27,1.5,2.3,2.79,3.41,145,151,47.17826,78.2,82,14.7,82.1,-1.47745840746207,-1.31329002091859,-1.81945091666446,-1.85205126741537,-1.71671148247578,-1.85338168732183,0.121093427247689,0.602489543006881,2.26852935508805,1.11477908264638,-0.493835288318674,"Oklahoma City University",149,"Other",2016
27,1.7,2.6,2.89,3.52,148,154,33.8,65.6,76,16.9,86.3,-1.2208066864206,-0.841128866112244,-1.36857096044495,-1.04628077532958,-1.17172371026124,-1.26933283627504,-0.598299377698965,-0.555260684518924,1.87647582582735,1.98766340409211,0.0234717819086479,"Samford University",149,"Other",2016
27,1.6,2.1,2.86,3.33,148,153,47.17826,77.3,66,18.2,88.1,-1.34913254694134,-1.62806412412283,-1.5038349473108,-2.43806617075049,-1.17172371026124,-1.46401578662397,0.121093427247689,0.519793098183609,1.22305327705951,2.50345868494641,0.245174812006071,"South Texas College of Law",149,"Other",2016
27,1.7,2.3,2.71,3.45,144,151,29.5,79.1,85,12.1,88.9,-1.2208066864206,-1.31329002091859,-2.18015488164007,-1.55904381574781,-1.89837407321395,-1.85338168732183,-0.829524444431905,0.685185987830152,2.4645561197184,0.0831885209377831,0.343709492049372,"Southern Illinois University - Carbondale",149,"Other",2016
27,1.9,2,2.93,3.41,152,156,21,55.1,40,15.3,86.7,-0.964154965379128,-1.78545117572494,-1.18821897795715,-1.85205126741537,-0.445073347308533,-0.879966935577174,-1.28659725076446,-1.52005254079043,-0.475845349736875,1.35283844304067,0.0727391219302983,"Texas A&M University",149,"Other",2016
100,4.8,4.7,3.82,3.97,170,176,89.6,91.4,9.366704589,7.7,94.4,2.75729498972221,2.4639992175322,2.82461263239648,2.25005305593047,2.82485328597866,3.01369207140146,2.40224916269592,1.8153707337482,-2.47749394619825,-1.66258012195369,1.02113541734706,"Yale University",1,"Top",2015
96,4.8,4.8,3.77,3.95,170,175,91,94.1,15.6426618,11.9,96.99,2.75729498972221,2.62138626913431,2.59917265428673,2.10354933009669,2.82485328597866,2.81900912105253,2.47753174256246,2.06346006821801,-2.0674087505213,0.00383540080635293,1.34014144398724,"Harvard University",2,"Top",2015
95,4.7,4.8,3.76,3.95,169,173,94.5,96.1,10.32938076,7.3,93.64,2.62896912920147,2.62138626913431,2.55408465866478,2.10354933009669,2.64319069524048,2.42964322035467,2.66573819222881,2.24722994560306,-2.41459051446897,-1.82128636221655,0.92752747130592,"Stanford University",3,"Top",2015
92,4.6,4.7,3.54,3.81,169,173,94,97,19.57387029,11,94.62,2.50064326868074,2.4639992175322,1.56214875498186,1.07802324926023,2.64319069524048,2.42964322035467,2.63885155656219,2.32992639042633,-1.81053472339395,-0.353253639785084,1.04823245435896,"Columbia University",4,"Top",2015
92,4.6,4.7,3.67,3.95,166,172,93.2,96.7,21.32137312,7.3,95.3,2.50064326868074,2.4639992175322,2.14829269806722,2.10354933009669,2.09820292302595,2.23496027000574,2.59583293949559,2.30236090881858,-1.69634894807818,-1.82128636221655,1.13198693239577,"University of Chicago",4,"Top",2015
88,4.4,4.5,3.57,3.85,168,172,94.8,95.9,31.41361257,8.9,94.82,2.24399154763927,2.14922511432797,1.69741274184771,1.37103070092779,2.46152810450231,2.23496027000574,2.68187017362878,2.22885295786456,-1.03689926565875,-1.1864614011651,1.07286612436979,"New York University",6,"Top",2015
86,4.3,4.4,3.55,3.94,165,171,95.2,97,17.2629188,10.4,93.24,2.11566568711853,1.99183806272585,1.60723675060381,2.0302974671798,1.91654033228777,2.0402773196568,2.70337948216208,2.32992639042633,-1.96153750466141,-0.591313000179375,0.87826013128427,"University of Pennsylvania",7,"Top",2015
84,4.3,4.5,3.52,3.94,164,170,97.5,97.3,17.70833333,11.3,96.12,2.11566568711853,2.14922511432797,1.47197276373796,2.0302974671798,1.7348777415496,1.84559436930787,2.82705800622853,2.35749187203409,-1.93243311491633,-0.234223959587938,1.23298497944015,"University of Virginia",8,"Top",2015
83,4.4,4.5,3.66,3.89,163,169,80.8,88.1,17.84197111,12.5,87.18,2.24399154763927,2.14922511432797,2.10320470244527,1.66403815259535,1.55321515081142,1.65091141895894,1.9290443749634,1.51215043606287,-1.9237009210344,0.241894761200644,0.131859929956278,"University of California - Berkeley",9,"Top",2015
82,4.2,4.5,3.59,3.84,165,170,77.8,87.1,19.02672517,9.5,95.6,1.98733982659779,2.14922511432797,1.78758873309161,1.2977788380109,1.91654033228777,1.84559436930787,1.76772456096367,1.42026549737034,-1.84628641927957,-0.948402040770812,1.168937437412,"Duke University",10,"Top",2015
82,4.4,4.6,3.52,3.82,165,170,75,86.6,27.03589744,12.4,93.8,2.24399154763927,2.30661216593008,1.47197276373796,1.15127511217712,1.91654033228777,1.84559436930787,1.61715940123059,1.37432302802408,-1.32294904346116,0.202218201134929,0.94723440731458,"University of Michigan - Ann Arbor",10,"Top",2015
79,4.1,4.4,3.3,3.82,161,171,76.9,85.8,26.29048583,8.3,96.12,1.85901396607706,1.99183806272585,0.480036860055037,1.15127511217712,1.18988996933506,2.0402773196568,1.71932861676375,1.30081507707006,-1.3716559188699,-1.42452076155939,1.23298497944015,"Northwestern University",12,"Top",2015
76,4.1,4.4,3.52,3.73,165,167,77.9,85.8,29.93164063,10.3,91.6,1.85901396607706,1.99183806272585,1.47197276373796,0.492008345925111,1.91654033228777,1.26154551826108,1.77310188809699,1.30081507707006,-1.13373465388247,-0.63098956024509,0.676264037195506,"Cornell University",13,"Top",2015
76,4.1,4.4,3.49,3.83,163,169,77.3,84.3,31,11.2,90.04,1.85901396607706,1.99183806272585,1.33670877687211,1.22452697509401,1.55321515081142,1.65091141895894,1.74083792529705,1.16298766903128,-1.06392564362793,-0.273900519653654,0.484121411111074,"Georgetown University",13,"Top",2015
73,4,4.1,3.43,3.82,163,168,64.1,81.5,30.25310411,10.4,92.28,1.73068810555632,1.5196769079195,1.0661808031404,1.15127511217712,1.55321515081142,1.45622846861001,1.03103074369826,0.90570984069221,-1.11272950523873,-0.591313000179375,0.760018515232311,"University of Texas - Austin",15,"Top",2015
72,3.9,4.1,3.51,3.88,162,169,55.6,77.2,28.15533981,10.4,88.14,1.60236224503559,1.5196769079195,1.42688476811601,1.59078628967846,1.37155256007324,1.65091141895894,0.573957937365704,0.510604604314357,-1.24980215480075,-0.591313000179375,0.250101546008237,"UCLA",16,"Top",2015
72,3.8,4.1,3.45,3.85,163,169,67.9,74.5,34.04126214,12.6,95.74,1.47403638451485,1.5196769079195,1.1563567943843,1.37103070092779,1.55321515081142,1.65091141895894,1.23536917476458,0.262515269844541,-0.865202717728938,0.281571321266359,1.18618100641958,"Vanderbilt University",16,"Top",2015
69,3.6,3.8,3.27,3.77,160,167,50.7,75,24.27664079,9.6,94.2,1.21738466347338,1.04751575311315,0.344772873189185,0.785015797592672,1.00822737859689,1.26154551826108,0.31046890783282,0.308457739190803,-1.50324509475592,-0.908725480705097,0.99650174733623,"Washington University in St. Louis",18,"Other",2015
66,3.4,3.8,3.39,3.84,157,166,53.8,78.6,32.01754386,11,96.64,0.960732942431908,1.04751575311315,0.885828820652596,1.2977788380109,0.463239606382355,1.06686256791214,0.477166048965869,0.63924351848389,-0.997437033379505,-0.353253639785084,1.29703252146829,"Emory University",19,"Other",2015
65,3.4,3.7,3.42,3.82,159,167,85,91,41.54057772,15,90.51,0.960732942431908,0.890128701511036,1.02109280751845,1.15127511217712,0.82656478785871,1.26154551826108,2.15489211456301,1.77861675827119,-0.375180527699141,1.23380876284352,0.542010535636512,"George Washington University",20,"Other",2015
65,3.5,3.7,3.43,3.9,156,167,66.1,75.2,30.78750849,11.1,99.28,1.08905880295264,0.890128701511036,1.0661808031404,1.73729001551224,0.281577015644177,1.26154551826108,1.13857728636474,0.326834726929308,-1.0778103180335,-0.313577079719369,1.62219696561118,"University of Minnesota - Twin Cities",20,"Other",2015
65,3.5,3.8,3.5,3.79,163,167,58.8,72.4,29.25311203,11.4,87.23,1.08905880295264,1.04751575311315,1.38179677249406,0.931519523426452,1.55321515081142,1.26154551826108,0.746032405632077,0.0695568985902412,-1.17807124260486,-0.194547399522223,0.138018347458984,"University of Southern California",20,"Other",2015
64,3.1,3.3,3.42,3.94,157,166,65.1,86,24.55381287,10.7,96.49,0.575755360869701,0.26058049510257,1.02109280751845,2.0302974671798,0.463239606382355,1.06686256791214,1.0848040150315,1.31919206480857,-1.48513404605984,-0.47228331998223,1.27855726896017,"University of Alabama",23,"Other",2015
63,3.2,3.7,3.46,3.88,161,165,46.6,85.3,29.52641477,11,87.88,0.704081221390437,0.890128701511036,1.20144479000625,1.59078628967846,1.18988996933506,0.872179617563213,0.0899984953665287,1.2548726077238,-1.16021302530926,-0.353253639785084,0.218077774994164,"College of William and Mary",24,"Other",2015
63,3.1,3.6,3.46,3.8,161,165,50.8,79,26.17321633,8.9,94.35,0.575755360869701,0.73274164990892,1.20144479000625,1.00477138634334,1.18988996933506,0.872179617563213,0.315846234966144,0.6759974939609,-1.37931857242817,-1.1864614011651,1.01497699984435,"University of Washington",24,"Other",2015
62,3.4,3.8,3.39,3.75,160,165,60.7,77.6,28.07957154,9.3,93.5,0.960732942431908,1.04751575311315,0.885828820652596,0.638512071758891,1.00822737859689,0.872179617563213,0.848201621165237,0.547358579791365,-1.25475302441067,-1.02775516090224,0.910283902298343,"University of Notre Dame",26,"Other",2015
61,3.3,3.6,3.44,3.77,161,166,46.9,68.1,34.5113438,12,93.62,0.832407081911172,0.73274164990892,1.11126879876235,0.785015797592672,1.18988996933506,1.06686256791214,0.106130476766501,-0.325548337787613,-0.834486522088316,0.043511960872068,0.925064104304838,"Boston University",27,"Other",2015
61,3.2,3.6,3.42,3.72,158,163,56.8,77.3,52.02020202,9.5,95.59,0.704081221390437,0.73274164990892,1.02109280751845,0.418756483008223,0.644902197120532,0.482813716865349,0.638485862965594,0.519793098183609,0.309581754324398,-0.948402040770812,1.16770575391146,"University of Iowa",27,"Other",2015
58,3.2,3.7,3.39,3.9,154,164,40.7,64.7,52.64578834,11.4,87.84,0.704081221390437,0.890128701511036,0.885828820652596,1.73729001551224,-0.0817481658321778,0.677496667214281,-0.227263805499597,-0.637957129342195,0.350458975093268,-0.194547399522223,0.213151040992,"Indiana University - Bloomington",29,"Other",2015
58,3.1,3.3,3.33,3.81,158,164,48.9,76,33.30210773,11.5,94,0.575755360869701,0.26058049510257,0.61530084692089,1.07802324926023,0.644902197120532,0.677496667214281,0.213677019432984,0.400342677883327,-0.913500733580457,-0.154870839456508,0.971868077325405,"University of Georgia",29,"Other",2015
57,3,3.33,3.33,3.71,158,164,59,72.6,39.12225705,9.7,86.39,0.447429500348965,0.307796610583205,0.61530084692089,0.345504620091331,0.644902197120532,0.677496667214281,0.756787059898726,0.087933886328745,-0.533199053292076,-0.869048920639382,0.0345569334135195,"Arizona State University",31,"Other",2015
57,3.2,3.5,3.49,3.81,157,162,44.1,72.1,45.43650794,11.1,93.46,0.704081221390437,0.575354598306803,1.33670877687211,1.07802324926023,0.463239606382355,0.288130766516417,-0.0444346829665756,0.0419914169824829,-0.120611662281736,-0.313577079719369,0.905357168296177,"Ohio State University",31,"Other",2015
57,3.5,3.9,3.28,3.68,159,163,44.9,72.3,44.71380471,11.9,88.46,1.08905880295264,1.20490280471527,0.389860868811135,0.125749031340662,0.82656478785871,0.482813716865349,-0.00141606589998239,0.060368404720988,-0.167834720936671,0.00383540080635293,0.289515418025556,"University of North Carolina - Chapel Hill",31,"Other",2015
57,3.3,3.6,3.21,3.7,156,163,46.8,72.5,44.16722859,11,100,0.832407081911172,0.73274164990892,0.074244899457479,0.272252757174442,0.281577015644177,0.482813716865349,0.100753149633177,0.0787453924594931,-0.203549237079274,-0.353253639785084,1.71087817765015,"University of Wisconsin - Madison",31,"Other",2015
57,3.1,3.6,3.26,3.73,157,164,53.8,76.9,45.36360139,11.8,89.33,0.575755360869701,0.73274164990892,0.299684877567233,0.492008345925111,0.463239606382355,0.677496667214281,0.477166048965869,0.4830391227066,-0.125375540654023,-0.0358411592593621,0.396671882572644,"Wake Forest University",31,"Other",2015
56,3.2,3.7,3.41,3.69,160,165,49.6,71.2,34.91277699,11.9,91.67,0.704081221390437,0.890128701511036,0.976004811896498,0.199000894257551,1.00822737859689,0.872179617563213,0.251318309366254,-0.040705027840788,-0.808255972271336,0.00383540080635293,0.684885821699296,"Boston College",36,"Other",2015
56,2.9,3.3,3.45,3.88,158,164,57.8,78.2,35.57377049,13.1,86.08,0.319103639828229,0.26058049510257,1.1563567943843,1.59078628967846,0.644902197120532,0.677496667214281,0.692259134298836,0.602489543006881,-0.765065166522438,0.479954121594935,-0.0036252551032593,"Brigham Young University",36,"Other",2015
56,3.2,3.5,3.32,3.68,161,165,54.5,68.9,37.85277284,14.9,89.4,0.704081221390437,0.575354598306803,0.570212851298939,0.125749031340662,1.18988996933506,0.872179617563213,0.514807338899138,-0.252040386833593,-0.616150014103949,1.19413220277781,0.405293667076434,"Fordham University",36,"Other",2015
56,3.4,3.7,3.31,3.65,159,164,45.5,67.8,52.3553719,10.1,78.31,0.960732942431908,0.890128701511036,0.525124855676989,-0.0940065574100099,0.82656478785871,0.677496667214281,0.0308478968999627,-0.35311381939537,0.331482510050379,-0.710342680376521,-0.960643335023804,"University of California - Davis",36,"Other",2015
55,3.1,3.4,3.31,3.72,155,163,51,75.2,40.30571199,10,91.49,0.575755360869701,0.417967546704687,0.525124855676989,0.418756483008223,0.0999144249059997,0.482813716865349,0.326600889232792,0.326834726929308,-0.455869438967407,-0.750019240442236,0.662715518689552,"University of Arizona",40,"Other",2015
55,3.1,3.6,3.26,3.72,157,163,43.7,68.1,45.45025931,11.2,97.71,0.575755360869701,0.73274164990892,0.299684877567233,0.418756483008223,0.463239606382355,0.482813716865349,-0.0659439914998722,-0.325548337787613,-0.119713116758291,-0.273900519653654,1.4288226560262,"University of Illinois - Urbana-Champaign",40,"Other",2015
54,2.6,3.3,3.32,3.82,157,163,50.2,80.2,41,14.2,88.89,-0.0658739417339779,0.26058049510257,0.570212851298939,1.15127511217712,0.463239606382355,0.482813716865349,0.283582272166199,0.786259420391929,-0.410503094860092,0.916396282317802,0.34247780854883,"Southern Methodist University",42,"Other",2015
52,3,3.2,3.29,3.73,158,164,41.7,64,38.13229572,9.2,88.68,0.447429500348965,0.103193443500454,0.434948864433087,0.492008345925111,0.644902197120532,0.677496667214281,-0.173490534166356,-0.702276586426962,-0.597885358835096,-1.06743172096796,0.316612455037465,"University of Colorado - Boulder",43,"Other",2015
52,3.2,3.7,3.34,3.66,160,165,34.6,56.9,38.10709838,10.7,71.74,0.704081221390437,0.890128701511036,0.66038884254284,-0.0207546944931182,1.00822737859689,0.872179617563213,-0.555280760632372,-1.35465965114388,-0.599531809847593,-0.47228331998223,-1.7698593948794,"Washington and Lee University",43,"Other",2015
51,2.9,2.9,3.27,3.72,157,161,32.2,77.3,41.93867458,13.1,88.89,0.319103639828229,-0.368967711305895,0.344772873189185,0.418756483008223,0.463239606382355,0.0934478161674853,-0.684336611832152,0.519793098183609,-0.349167981207374,0.479954121594935,0.34247780854883,"Florida State University",45,"Other",2015
50,2.7,3.2,3.17,3.71,157,163,57.3,72.7,35,12.7,87.12,0.062451918786758,0.103193443500454,-0.106107083030325,0.345504620091331,0.463239606382355,0.482813716865349,0.665372498632215,0.0971223801979982,-0.802556624120795,0.321247881332074,0.124469828953031,"George Mason University",46,"Other",2015
50,3,3.4,3.12,3.6,156,162,36.8,72.1,45.97093791,14.2,77.78,0.447429500348965,0.417967546704687,-0.331547061140079,-0.460265871994459,0.281577015644177,0.288130766516417,-0.43697956369924,0.0419914169824829,-0.0856908029682034,0.916396282317802,-1.02592256055249,"Tulane University",46,"Other",2015
50,2.9,3.1,3.3,3.7,154,162,64.3,68.7,44.06533575,11.4,81.3,0.319103639828229,-0.054193608101662,0.480036860055037,0.272252757174442,-0.0817481658321778,0.288130766516417,1.04178539796491,-0.270417374572098,-0.210207145000674,-0.194547399522223,-0.592369968361973,"University of Maryland",46,"Other",2015
49,3.1,3.4,3.31,3.76,156,162,32.4,63.1,50.37945126,13.2,89.54,0.575755360869701,0.417967546704687,0.525124855676989,0.71176393467578,0.281577015644177,0.288130766516417,-0.673581957565504,-0.784973031250233,0.202371399975201,0.51963068166065,0.422537236084012,"University of Florida",49,"Other",2015
49,2.8,3.1,3.31,3.68,155,161,50.7,70.9,45.11173184,8.4,83.04,0.190777779307493,-0.054193608101662,0.525124855676989,0.125749031340662,0.0999144249059997,0.0934478161674853,0.31046890783282,-0.0682705094485449,-0.141833264985824,-1.38484420149368,-0.378057039267796,"University of Utah",49,"Other",2015
48,2.4,3.3,3.24,3.68,156,162,28.7,73.2,28.81873727,14,93.46,-0.32252566277545,0.26058049510257,0.209508886323333,0.125749031340662,0.281577015644177,0.288130766516417,-0.872543061498498,0.14306484954426,-1.20645426888482,0.837043162186372,0.905357168296177,"Baylor University",51,"Other",2015
48,2.4,3.1,3.28,3.78,154,160,25.3,64.9,53.05039788,8.8,94,-0.32252566277545,-0.054193608101662,0.389860868811135,0.85826766050956,-0.0817481658321778,-0.101235134181447,-1.05537218403152,-0.61958014160369,0.376897074781526,-1.22613796123082,0.971868077325405,"Pennsylvania State University",51,"Other",2015
48,2.5,3,3.19,3.62,157,163,45.3,77.7,28.57726901,10.9,83.33,-0.194199802254714,-0.211580659703778,-0.0159310917864229,-0.313762146160679,0.463239606382355,0.482813716865349,0.0200932426333142,0.556547073660619,-1.22223234947439,-0.392930199850799,-0.342338217752101,"University of Richmond",51,"Other",2015
47,2.6,3.3,3.27,3.69,154,162,33.3,58.2,51.62150155,13,85.56,-0.0658739417339779,0.26058049510257,0.344772873189185,0.199000894257551,-0.0817481658321778,0.288130766516417,-0.625186013365586,-1.2352092308436,0.283529766594164,0.44027756152922,-0.0676727971314034,"Pepperdine University",54,"Other",2015
47,3.1,3.8,3.28,3.69,155,163,30,51.7,40.49188641,15.8,76.37,0.575755360869701,1.04751575311315,0.389860868811135,0.199000894257551,0.0999144249059997,0.482813716865349,-0.802637808765284,-1.83246133234501,-0.443704382564229,1.55122124336925,-1.1995899341288,"University of California",54,"Other",2015
47,2.8,2.7,3.22,3.64,154,160,41.2,70.4,45.49436796,10.6,86.71,0.190777779307493,-0.683741814510127,0.119332895079431,-0.167258420326898,-0.0817481658321778,-0.101235134181447,-0.200377169832977,-0.114212978794807,-0.11683095810772,-0.511959880047945,0.0739708054308384,"University of Connecticut",54,"Other",2015
47,2.5,3.1,3.32,3.81,152,159,43.8,82,59.38069217,11.2,92.31,-0.194199802254714,-0.054193608101662,0.570212851298939,1.07802324926023,-0.445073347308533,-0.295918084530378,-0.0605666643665484,0.951652310038472,0.790532777723756,-0.273900519653654,0.763713565733935,"University of Nebraska - Lincoln",54,"Other",2015
46,2.6,2.8,3.19,3.65,157,162,58.8,75.2,34.07889386,10.8,87.07,-0.0658739417339779,-0.526354762908011,-0.0159310917864229,-0.0940065574100099,0.463239606382355,0.288130766516417,0.746032405632077,0.326834726929308,-0.862743776289246,-0.432606759916514,0.118311411450323,"University of Houston",58,"Other",2015
46,2.5,3.1,3.24,3.75,154,160,52.4,83.7,59.52121872,15,90,-0.194199802254714,-0.054193608101662,0.209508886323333,0.638512071758891,-0.0817481658321778,-0.101235134181447,0.40188346909933,1.10785670581576,0.799715099370811,1.23380876284352,0.479194677108908,"University of Kentucky",58,"Other",2015
46,2.5,3.2,3.24,3.73,155,159,45.2,77.7,40.72110286,12.4,87.16,-0.194199802254714,0.103193443500454,0.209508886323333,0.492008345925111,0.0999144249059997,-0.295918084530378,0.0147159154999904,0.556547073660619,-0.428726862866378,0.202218201134929,0.129396562955195,"University of Oklahoma",58,"Other",2015
45,2.7,3,3.1,3.61,156,162,35,64.3,44.13343558,11.1,84.14,0.062451918786758,-0.211580659703778,-0.421723052383981,-0.38701400907757,0.281577015644177,0.288130766516417,-0.533771452099075,-0.674711104819205,-0.205757348551748,-0.313577079719369,-0.24257185420826,"Temple University",61,"Other",2015
45,2.3,3,3.29,3.72,152,157,35.6,85.6,50.14925373,12.3,85.71,-0.450851523296185,-0.211580659703778,0.434948864433087,0.418756483008223,-0.445073347308533,-0.685283985228242,-0.50150748929913,1.28243808933156,0.187329774297935,0.162541641069214,-0.0491975446232858,"University of Arkansas - Fayetteville",61,"Other",2015
45,2.7,3.2,3.16,3.6,155,160,32.3,68.8,53.13846154,12.6,81.31,0.062451918786758,0.103193443500454,-0.151195078652275,-0.460265871994459,0.0999144249059997,-0.101235134181447,-0.678959284698828,-0.261228880702846,0.382651352898628,0.281571321266359,-0.591138284861431,"University of Miami",61,"Other",2015
44,2.6,3.2,3.2,3.62,155,161,39,61.6,48.75,11.1,81.94,-0.0658739417339779,0.103193443500454,0.0291569038355291,-0.313762146160679,0.0999144249059997,0.0934478161674853,-0.318678366766108,-0.92280043928902,0.0958993804349843,-0.313577079719369,-0.513542224327334,"Case Western Reserve University",64,"Other",2015
44,2.5,2.7,3.15,3.55,157,160,59.31,74.9,28.24074074,11.2,96.77,-0.194199802254714,-0.683741814510127,-0.196283074274227,-0.826525186578911,0.463239606382355,-0.101235134181447,0.773456774012031,0.299269245321551,-1.24422186546598,-0.273900519653654,1.31304440697533,"Georgia State University",64,"Other",2015
44,2.5,3,3.13,3.64,155,160,46.3,78.9,51.69340463,11.2,96.15,-0.194199802254714,-0.211580659703778,-0.286459065518129,-0.167258420326898,0.0999144249059997,-0.101235134181447,0.0738665139665559,0.666809000091648,0.288228075973951,-0.273900519653654,1.23668002994177,"University of Missouri",64,"Other",2015
44,2.8,3,3.2,3.65,156,162,31,60.5,43.00822562,14.1,84.97,0.190777779307493,-0.211580659703778,0.0291569038355291,-0.0940065574100099,0.281577015644177,0.288130766516417,-0.748864537432042,-1.0238738718508,-0.279281104547964,0.876719722252087,-0.140342123663337,"Yeshiva University",64,"Other",2015
43,2.5,3.1,3.14,3.58,155,160,33.6,63.5,51.09510951,11.9,91.04,-0.194199802254714,-0.054193608101662,-0.241371069896177,-0.606769597828239,0.0999144249059997,-0.101235134181447,-0.609054031965614,-0.748219055773224,0.249134123751374,0.00383540080635293,0.607289761165198,"Loyola University Chicago",68,"Other",2015
43,2.3,3,3.23,3.69,152,159,56.4,76.8,50.32051282,13.6,84.1,-0.450851523296185,-0.211580659703778,0.164420890701381,0.199000894257551,-0.445073347308533,-0.295918084530378,0.616976554432297,0.473850628837346,0.198520229406681,0.678336921923511,-0.247498588210426,"Seton Hall University",68,"Other",2015
43,2.6,3,3.19,3.65,154,160,37.9,59.3,54.64852608,9.3,88.73,-0.0658739417339779,-0.211580659703778,-0.0159310917864229,-0.0940065574100099,-0.0817481658321778,-0.101235134181447,-0.377828965232674,-1.13413579828183,0.481322374951702,-1.02775516090224,0.322770872540171,"University of Denver",68,"Other",2015
43,2.6,3.1,3.1,3.69,153,159,33.1,74.7,56.51162791,10.8,90.48,-0.0658739417339779,-0.054193608101662,-0.421723052383981,0.199000894257551,-0.263410756570355,-0.295918084530378,-0.635940667632234,0.280892257583046,0.603061649588965,-0.432606759916514,0.538315485134888,"University of Kansas",68,"Other",2015
42,2.8,3.2,3.13,3.54,153,159,40.2,53.6,46.71143251,11,80.79,0.190777779307493,0.103193443500454,-0.286459065518129,-0.8997770494958,-0.263410756570355,-0.295918084530378,-0.254150441166218,-1.65787994882921,-0.0373052160801213,-0.353253639785084,-0.655185826889575,"American University",72,"Other",2015
42,2.5,2.8,3.16,3.6,153,159,29.4,65.2,54.71627208,10.8,94.84,-0.194199802254714,-0.526354762908011,-0.151195078652275,-0.460265871994459,-0.263410756570355,-0.295918084530378,-0.834901771565229,-0.592014659995933,0.485749051350585,-0.432606759916514,1.07532949137087,"Illinois Institute of Technology",72,"Other",2015
42,2.4,3,3.46,3.67,154,161,30.6,64.1,59.11780527,9.7,91.54,-0.32252566277545,-0.211580659703778,1.20144479000625,0.0524971684237703,-0.0817481658321778,0.0934478161674853,-0.770373845965339,-0.69308809255771,0.773355154900188,-0.869048920639382,0.66887393619226,"Lewis and Clark College",72,"Other",2015
42,2.2,2.8,3.13,3.66,153,159,36.8,83.9,46.22731614,18.7,77.97,-0.579177383816921,-0.526354762908011,-0.286459065518129,-0.0207546944931182,-0.263410756570355,-0.295918084530378,-0.43697956369924,1.12623369355427,-0.068938471318685,2.70184148527499,-1.00252057404221,"Louisiana State University - Baton Rouge",72,"Other",2015
42,2.4,2.7,3.09,3.62,151,158,28.6,69.7,40.3125,8.6,90.91,-0.32252566277545,-0.683741814510127,-0.466811048005932,-0.313762146160679,-0.62673593804671,-0.49060103487931,-0.877920388631822,-0.178532435879574,-0.455425895087881,-1.30549108136225,0.59127787565816,"University of New Mexico",72,"Other",2015
42,2.6,2.9,3.28,3.75,153,160,41.3,72.3,51.24069479,12.5,85.09,-0.0658739417339779,-0.368967711305895,0.389860868811135,0.638512071758891,-0.263410756570355,-0.101235134181447,-0.194999842699653,0.060368404720988,0.258646994223442,0.241894761200644,-0.125561921656842,"University of Tennessee - Knoxville",72,"Other",2015
42,2,2.7,3.08,3.74,152,158,41.8,79.1,38.17567568,10.5,87.23,-0.835829104858393,-0.683741814510127,-0.511899043627882,0.565260208842003,-0.445073347308533,-0.49060103487931,-0.168113207033032,0.685185987830152,-0.595050814432231,-0.55163644011366,0.138018347458984,"University of Tulsa",72,"Other",2015
41,2.4,3,3.21,3.65,155,159,30,64.3,60.97318769,9.8,89,-0.32252566277545,-0.211580659703778,0.074244899457479,-0.0940065574100099,0.0999144249059997,-0.295918084530378,-0.802637808765284,-0.674711104819205,0.894590025881733,-0.829372360573666,0.356026327054784,"University of Cincinnati",79,"Other",2015
41,2.7,2.9,3.3,3.63,156,161,37,51.7,46.78153446,11.9,76.29,0.062451918786758,-0.368967711305895,0.480036860055037,-0.24051028324379,0.281577015644177,0.0934478161674853,-0.426224909432592,-1.83246133234501,-0.0327245965958617,0.00383540080635293,-1.20944340213313,"University of San Diego",79,"Other",2015
40,2.4,3,2.83,3.6,154,160,50.7,68.1,29,9.3,84.1,-0.32252566277545,-0.211580659703778,-1.63909893417666,-0.460265871994459,-0.0817481658321778,-0.101235134181447,0.31046890783282,-0.325548337787613,-1.1946101533815,-1.02775516090224,-0.247498588210426,"Rutgers University - Camden",81,"Other",2015
40,2.6,3.2,3.16,3.61,154,161,32.4,64.4,49.63012777,14.2,83.33,-0.0658739417339779,0.103193443500454,-0.151195078652275,-0.38701400907757,-0.0817481658321778,0.0934478161674853,-0.673581957565504,-0.665522610949952,0.15340891350646,0.916396282317802,-0.342338217752101,"University of Pittsburgh",81,"Other",2015
39,2.5,2.9,3.16,3.63,157,161,37.6,57.5,43.88565379,16.2,84.88,-0.194199802254714,-0.368967711305895,-0.151195078652275,-0.24051028324379,0.463239606382355,0.0934478161674853,-0.393960946632647,-1.29952868792837,-0.221947969427754,1.70992748363211,-0.151427275168209,"Brooklyn Law School",83,"Other",2015
39,2.4,3,3.01,3.54,154,159,48.1,65,39.41684665,14.8,76.28,-0.32252566277545,-0.211580659703778,-0.82751501298154,-0.8997770494958,-0.0817481658321778,-0.295918084530378,0.170658402366391,-0.610391647734438,-0.513949904564826,1.15445564271209,-1.21067508563368,"Rutgers University - Newark",83,"Other",2015
39,2.3,2.5,3.26,3.71,154,160,31.1,63.4,32.10023866,11.7,78.57,-0.450851523296185,-0.99851591771436,0.299684877567233,0.345504620091331,-0.0817481658321778,-0.101235134181447,-0.743487210298718,-0.757407549642476,-0.99203356868092,-0.0755177193250779,-0.928619564009733,"University of Nevada - Las Vegas",83,"Other",2015
39,2.1,2.8,3.1,3.72,151,157,59.9,81,61.6747182,10.1,76.92,-0.707503244337657,-0.526354762908011,-0.421723052383981,0.418756483008223,-0.62673593804671,-0.685283985228242,0.805183004098643,0.859767371345948,0.940429611269993,-0.710342680376521,-1.13184734159904,"West Virginia University",83,"Other",2015
38,2.4,3.1,3.18,3.67,150,157,33.9,61.7,58.25136612,14.8,78.7,-0.32252566277545,-0.054193608101662,-0.0610190874083729,0.0524971684237703,-0.808398528784888,-0.685283985228242,-0.592922050565641,-0.913611945419767,0.716740067125664,1.15445564271209,-0.912607678502696,"Indiana University - Indianapolis",87,"Other",2015
38,2.6,3.1,3.3,3.62,156,161,22.9,47.9,47,15.1,77.22,-0.0658739417339779,-0.054193608101662,0.480036860055037,-0.313762146160679,0.281577015644177,0.0934478161674853,-1.1844280352313,-2.1816240993766,-0.0184495655993876,1.27348532290924,-1.0948968365828,"Loyola Marymount University",87,"Other",2015
38,2.3,2.9,3.27,3.71,152,159,34.4,58.8,49.64459409,13.8,69.86,-0.450851523296185,-0.368967711305895,0.344772873189185,0.345504620091331,-0.445073347308533,-0.295918084530378,-0.56603541489902,-1.18007826762809,0.154354175475029,0.757690042054942,-2.00141589298115,"Michigan State University",87,"Other",2015
38,2.3,3,3.03,3.55,153,158,21.1,61,57.76914539,12.2,71.43,-0.450851523296185,-0.211580659703778,-0.737339021737638,-0.826525186578911,-0.263410756570355,-0.49060103487931,-1.28121992363114,-0.977931402504534,0.685230677279135,0.122865081003498,-1.80804158339618,"Seattle University",87,"Other",2015
38,2.2,2.9,3,3.58,152,157,50.4,79.5,65.5540721,13.1,83.67,-0.579177383816921,-0.368967711305895,-0.87260300860349,-0.606769597828239,-0.445073347308533,-0.685283985228242,0.294336926432847,0.721939963307162,1.19391534256104,0.479954121594935,-0.300460978733698,"University of Louisville",87,"Other",2015
38,2.1,2.7,3.17,3.63,153,159,23.2,64.9,49.17407878,12.9,71.43,-0.707503244337657,-0.683741814510127,-0.106107083030325,-0.24051028324379,-0.263410756570355,-0.295918084530378,-1.16829605383133,-0.61958014160369,0.12360964416558,0.400601001463505,-1.80804158339618,"Wayne State University",87,"Other",2015
37,2.4,3,2.97,3.51,151,157,32.1,67.9,75,15.4,100,-0.32252566277545,-0.211580659703778,-1.00786699546934,-1.11953263824647,-0.62673593804671,-0.685283985228242,-0.689713938965476,-0.343925325526117,1.81113357095056,1.39251500310639,1.71087817765015,"Marquette University",93,"Other",2015
37,2.3,2.9,3.27,3.69,153,162,28.6514401773386,51.6,43.67963976,15.6,84.43,-0.450851523296185,-0.368967711305895,0.344772873189185,0.199000894257551,-0.263410756570355,0.288130766516417,-0.875154282018364,-1.84164982621426,-0.235409390684207,1.47186812323782,-0.206853032692563,"Northeastern University",93,"Other",2015
37,2.1,3.1,3.15,3.66,151,158,49.3,73.2,59,13.2,92.59,-0.707503244337657,-0.054193608101662,-0.196283074274227,-0.0207546944931182,-0.62673593804671,-0.49060103487931,0.235186327966281,0.14306484954426,0.76565749292202,0.51963068166065,0.79820070374909,"St. Louis University",93,"Other",2015
37,2.1,2.7,3.11,3.57,152,158,39.0705778774073,68.9,44.43907157,14.4,89.27,-0.707503244337657,-0.683741814510127,-0.376635056762031,-0.680021460745131,-0.445073347308533,-0.49060103487931,-0.314883163414159,-0.252040386833593,-0.18578640379365,0.995749402449233,0.389281781569397,"Stetson University",93,"Other",2015
37,1.9,2.7,3.05,3.62,153,159,44.2,68.1,53.91566265,14.6,91.84,-0.964154965379128,-0.683741814510127,-0.647163030493736,-0.313762146160679,-0.263410756570355,-0.295918084530378,-0.0390573558332514,-0.325548337787613,0.433435425918768,1.07510252258066,0.705824441208497,"University of New Hampshire School of Law",93,"Other",2015
37,2.3,2.8,3.05,3.54,153,158,35.4,76.1,56.95364238,14.1,81.05,-0.450851523296185,-0.526354762908011,-0.647163030493736,-0.8997770494958,-0.263410756570355,-0.49060103487931,-0.512262143565779,0.409531171752579,0.631943871746931,0.876719722252087,-0.623162055875504,"University of South Carolina",93,"Other",2015
37,2.3,3.3,3.24,3.74,153,160,36.3,59.4,55.21472393,15.1,90.91,-0.450851523296185,0.26058049510257,0.209508886323333,0.565260208842003,-0.263410756570355,-0.101235134181447,-0.463866199365861,-1.12494730441257,0.518319019177089,1.27348532290924,0.59127787565816,"Villanova University",93,"Other",2015
36,1.7,2,3.1,3.73,151,158,47.0164363009623,76.1,26.20948802,11.3,81.4,-1.2208066864206,-1.78545117572494,-0.421723052383981,0.492008345925111,-0.62673593804671,-0.49060103487931,0.112391637571186,0.409531171752579,-1.37694849841538,-0.234223959587938,-0.58005313335656,"Florida International University",100,"Other",2015
36,2.3,2.7,3.21,3.66,150,158,33,62.2,51.91304348,12.6,82.44,-0.450851523296185,-0.683741814510127,0.074244899457479,-0.0207546944931182,-0.808398528784888,-0.49060103487931,-0.641317994765559,-0.867669476073505,0.302579773691494,0.281571321266359,-0.451958049300272,"SUNY Buffalo Law School",100,"Other",2015
36,2.4,2.6,3.03,3.61,155,159,25.5,66,33.27305606,8.6,74.39,-0.32252566277545,-0.841128866112244,-0.737339021737638,-0.38701400907757,0.0999144249059997,-0.295918084530378,-1.04461752976487,-0.518506709041914,-0.915399035206193,-1.30549108136225,-1.44346326723597,"University of Hawaii - Manoa",100,"Other",2015
36,2.7,3.3,3.03,3.55,156,161,27.3,49.1,49.46081955,15.2,82.28,0.062451918786758,0.26058049510257,-0.737339021737638,-0.826525186578911,0.281577015644177,0.0934478161674853,-0.947825641365036,-2.07136217294557,0.142345932642485,1.31316188297495,-0.471664985308931,"University of Oregon",100,"Other",2015
35,2,2.6,3.06,3.6,148,154,32.4,78.2,63.01775148,13.6,87,-0.835829104858393,-0.841128866112244,-0.602075034871784,-0.460265871994459,-1.17172371026124,-1.26933283627504,-0.673581957565504,0.602489543006881,1.02818643415976,0.678336921923511,0.109689626946535,"Mercer University",104,"Other",2015
35,2.2,2.7,3.13,3.67,152,157,36.4,66.1,41.14636643,13.2,72,-0.579177383816921,-0.683741814510127,-0.286459065518129,0.0524971684237703,-0.445073347308533,-0.685283985228242,-0.458488872232537,-0.509318215172662,-0.400939182285627,0.51963068166065,-1.73783562386533,"University of Mississippi",104,"Other",2015
35,2.2,2.7,2.92,3.53,150,155,38.9868922442362,75.2,59.19629057,14,95.7,-0.579177383816921,-0.683741814510127,-1.2333069735791,-0.973028912412692,-0.808398528784888,-1.07464988592611,-0.319383213673367,0.326834726929308,0.778483561376869,0.837043162186372,1.18125427241742,"University of Missouri - Kansas City",104,"Other",2015
34,2.2,3,3.01,3.5,152,156,34.8114098129651,68.7,61.8510158,14.8,81.18,-0.579177383816921,-0.211580659703778,-0.82751501298154,-1.19278450116336,-0.445073347308533,-0.879966935577174,-0.543912563397288,-0.270417374572098,0.951949293983358,1.15445564271209,-0.607150170368467,"Gonzaga University",107,"Other",2015
34,2.4,3.1,2.97,3.42,155,160,36.6,56.4,56.88991532,11,71.17,-0.32252566277545,-0.054193608101662,-1.00786699546934,-1.77879940449848,0.0999144249059997,-0.101235134181447,-0.447734217965888,-1.40060212049015,0.627779801949863,-0.353253639785084,-1.84006535441025,"Santa Clara University",107,"Other",2015
34,2.2,2.9,3.17,3.62,153,158,32.7,60.9,57.02778896,16.6,78.4,-0.579177383816921,-0.368967711305895,-0.106107083030325,-0.313762146160679,-0.263410756570355,-0.49060103487931,-0.657449976165531,-0.987119896373787,0.636788776475533,1.86863372389497,-0.949558183518932,"St. John's University",107,"Other",2015
34,2.3,2.9,3.06,3.45,152,156,37.8,55.7,59.06077348,12.3,76.72,-0.450851523296185,-0.368967711305895,-0.602075034871784,-1.55904381574781,-0.445073347308533,-0.879966935577174,-0.383206292365999,-1.46492157757491,0.769628569141929,0.162541641069214,-1.15648101160986,"Syracuse University",107,"Other",2015
34,2,2.7,3.15,3.68,152,158,26.5,71.2,50.13623978,17,83.33,-0.835829104858393,-0.683741814510127,-0.196283074274227,0.125749031340662,-0.445073347308533,-0.49060103487931,-0.99084425843163,-0.040705027840788,0.186479413460081,2.02733996415783,-0.342338217752101,"Texas Tech University",107,"Other",2015
34,2.3,2.9,2.92,3.37,151,157,37.4,62.6,55.37720706,10.3,81.37,-0.450851523296185,-0.368967711305895,-1.2333069735791,-2.14505871908293,-0.62673593804671,-0.685283985228242,-0.404715600899295,-0.830915500596495,0.528936033270727,-0.63098956024509,-0.583748183858184,"The Catholic University of America",107,"Other",2015
33,2,2.6,3.04,3.64,153,157,31.6303818056126,59.6,30.02645503,9.1,82.26,-0.835829104858393,-0.841128866112244,-0.692251026115686,-0.167258420326898,-0.263410756570355,-0.685283985228242,-0.714966845555295,-1.10657031667407,-1.12753926719168,-1.10710828103367,-0.474128352310013,"CUNY",113,"Other",2015
33,1.9,2.8,2.97,3.49,149,158,30.9,74.8,78.99159664,11.9,89.9,-0.964154965379128,-0.526354762908011,-1.00786699546934,-1.26603636408025,-0.990061119523065,-0.49060103487931,-0.754241864565366,0.290080751452298,2.07195349596676,0.00383540080635293,0.466877842103496,"Drake University",113,"Other",2015
32,1.9,2.6,3.02,3.62,150,155,28.4,60.2,49.63414634,11.5,85.71,-0.964154965379128,-0.841128866112244,-0.782427017359588,-0.313762146160679,-0.808398528784888,-1.07464988592611,-0.888675042898471,-1.05143935345855,0.15367149593164,-0.154870839456508,-0.0491975446232858,"Cleveland State University ",115,"Other",2015
32,1.9,3,2.95,3.55,149,155,33.9,69.1,76.69376694,12.6,94.83,-0.964154965379128,-0.211580659703778,-1.09804298671324,-0.826525186578911,-0.990061119523065,-1.07464988592611,-0.592922050565641,-0.233663399095089,1.92180812204591,0.281571321266359,1.07409780787033,"Creighton University",115,"Other",2015
32,1.9,2.5,2.97,3.62,149,155,30.8,74.4,58.41423948,9.6,82.69,-0.964154965379128,-0.99851591771436,-1.00786699546934,-0.313762146160679,-0.990061119523065,-1.07464988592611,-0.75961919169869,0.253326775975289,0.727382579727423,-0.908725480705097,-0.42116596178674,"Washburn University",115,"Other",2015
31,2,2.5,3.13,3.59,150,156,30.9,61.4,59.68147527,12.7,81.09,-0.835829104858393,-0.99851591771436,-0.286459065518129,-0.533517734911351,-0.808398528784888,-0.879966935577174,-0.754241864565366,-0.941177427027525,0.810186623706585,0.321247881332074,-0.618235321873339,"Albany Law School",118,"Other",2015
31,1.9,2.2,3.05,3.58,151,157,23.2,68.2,53.24553151,11.1,88.79,-0.964154965379128,-1.47067707252071,-0.647163030493736,-0.606769597828239,-0.62673593804671,-0.685283985228242,-1.16829605383133,-0.31635984391836,0.389647546168018,-0.313577079719369,0.330160973543418,"Quinnipiac University",118,"Other",2015
31,2,2.6,2.93,3.51,149,156,31.4075298640838,65.4,55.74272588,13.6,85.29,-0.835829104858393,-0.841128866112244,-1.18821897795715,-1.11953263824647,-0.990061119523065,-0.879966935577174,-0.726950323474267,-0.573637672257428,0.552819857169428,0.678336921923511,-0.100928251646016,"University of Idaho",118,"Other",2015
30,1.5,2.3,3.02,3.59,151,156,19.3,77.9,53.81165919,17.1,94.53,-1.47745840746207,-1.31329002091859,-0.782427017359588,-0.533517734911351,-0.62673593804671,-0.879966935577174,-1.37801181203097,0.574924061399124,0.42663960532738,2.06701652422354,1.03714730285409,"Campbell University",121,"Other",2015
30,2.3,2.8,3.02,3.53,151,156,15.8,51.9,63.56589147,13.9,87.5,-0.450851523296185,-0.526354762908011,-0.782427017359588,-0.973028912412692,-0.62673593804671,-0.879966935577174,-1.56621826169732,-1.8140843446065,1.06400313709449,0.797366602120657,0.171273801973597,"DePaul University",121,"Other",2015
30,1.8,2.7,3.21,3.64,150,155,36.8,65.7,68.35066865,14,85.23,-1.09248082589986,-0.683741814510127,0.074244899457479,-0.167258420326898,-0.808398528784888,-1.07464988592611,-0.43697956369924,-0.546072190649671,1.37665126711867,0.837043162186372,-0.108318352649264,"Duquesne University",121,"Other",2015
30,1.8,2.4,3.08,3.53,149,156,27.4,72.6,62.75362319,15.3,84.03,-1.09248082589986,-1.15590296931648,-0.511899043627882,-0.973028912412692,-0.990061119523065,-0.879966935577174,-0.942448314231712,0.087933886328745,1.01092769611441,1.35283844304067,-0.256120372714214,"Hamline University",121,"Other",2015
30,1.8,2.3,3.03,3.63,150,156,23.7,69.1,54.85981308,11.8,83.96,-1.09248082589986,-1.31329002091859,-0.737339021737638,-0.24051028324379,-0.808398528784888,-0.879966935577174,-1.14140941816471,-0.233663399095089,0.495128343957853,-0.0358411592593621,-0.264742157218003,"University of Akron",121,"Other",2015
30,2.2,2.7,2.94,3.58,147,155,32.4240361530382,68.3,52.79831045,16.1,74.34,-0.579177383816921,-0.683741814510127,-1.1431309823352,-0.606769597828239,-1.35338630099942,-1.07464988592611,-0.672289454986375,-0.307171350049108,0.360425113679233,1.67025092356639,-1.44962168473868,"University of Arkansas - Little Rock",121,"Other",2015
30,2,2.5,3,3.61,151,157,50,63.4,57.53424658,14.2,86.67,-0.835829104858393,-0.99851591771436,-0.87260300860349,-0.38701400907757,-0.62673593804671,-0.685283985228242,0.27282761789955,-0.757407549642476,0.669881859365862,0.916396282317802,0.0690440714286744,"University of Montana",121,"Other",2015
30,2,2.9,2.81,3.36,148,154,23.2,72,72.78106509,11.8,81.48,-0.835829104858393,-0.368967711305895,-1.72927492542056,-2.21831058199982,-1.17172371026124,-1.26933283627504,-1.16829605383133,0.032802923113231,1.66614336050635,-0.0358411592593621,-0.57019966535223,"Willamette University",121,"Other",2015
29,2,2.4,3.11,3.57,152,157,31,56.8,45.14218009,13.5,80.87,-0.835829104858393,-1.15590296931648,-0.376635056762031,-0.680021460745131,-0.445073347308533,-0.685283985228242,-0.748864537432042,-1.36384814501314,-0.139843707673772,0.638660361857796,-0.645332358885246,"Drexel University",129,"Other",2015
29,2.2,2.7,3.13,3.58,152,158,34.5,48.3,45.43147208,11.9,69.12,-0.579177383816921,-0.683741814510127,-0.286459065518129,-0.606769597828239,-0.445073347308533,-0.49060103487931,-0.560658087765696,-2.14487012389959,-0.12094071672938,0.00383540080635293,-2.09256047202121,"University of Maine",129,"Other",2015
29,1.9,2.6,3.02,3.53,146,154,39.7195936422387,77.8,49.34725849,18.3,78.26,-0.964154965379128,-0.841128866112244,-0.782427017359588,-0.973028912412692,-1.5350488917376,-1.26933283627504,-0.279983462592329,0.565735567529871,0.134925596915888,2.54313524501213,-0.96680175252651,"University of North Dakota",129,"Other",2015
29,1.8,2.6,3.03,3.66,150,159,29.8,59.6,71.64804469,12.8,88.5,-1.09248082589986,-0.841128866112244,-0.737339021737638,-0.0207546944931182,-0.808398528784888,-0.295918084530378,-0.813392463031932,-1.10657031667407,1.59210925274895,0.36092444139779,0.294442152027722,"University of St. Thomas",129,"Other",2015
29,2,2.8,3.1,3.63,149,156,48,65.3,59.69162996,10.1,61.11,-0.835829104858393,-0.526354762908011,-0.421723052383981,-0.24051028324379,-0.990061119523065,-0.879966935577174,0.165281075233067,-0.582826166126681,0.81085015404876,-0.710342680376521,-3.07913895595474,"University of Wyoming",129,"Other",2015
29,2.1,2.8,2.91,3.48,147,155,32,58.3,82.70481144,15.5,76.09,-0.707503244337657,-0.526354762908011,-1.27839496920105,-1.33928822699714,-1.35338630099942,-1.07464988592611,-0.6950912660988,-1.22602073697435,2.3145833238406,1.4321915631721,-1.23407707214396,"Vermont Law School",129,"Other",2015
28,2.2,2.8,2.8,3.45,151,157,24,57.9,55.78435043,18.1,81.52,-0.579177383816921,-0.526354762908011,-1.77436292104251,-1.55904381574781,-0.62673593804671,-0.685283985228242,-1.12527743676473,-1.26277471245136,0.55553969912466,2.4637821248807,-0.565272931350066,"Hofstra University",135,"Other",2015
28,2.2,2.8,2.87,3.34,148,154,45,56.3,41.19815668,16.5,41.82,-0.579177383816921,-0.526354762908011,-1.45874695168885,-2.3648143078336,-1.17172371026124,-1.26933283627504,0.00396126123334185,-1.4097906143594,-0.397555090569994,1.82895716382925,-5.4550564284988,"Howard University",135,"Other",2015
28,1.8,2.8,2.88,3.5,148,155,37.3,68.1,79.52314165,16.9,96.43,-1.09248082589986,-0.526354762908011,-1.4136589560669,-1.19278450116336,-1.17172371026124,-1.07464988592611,-0.410092928032619,-0.325548337787613,2.10668584548866,1.98766340409211,1.27116716795693,"Samford University",135,"Other",2015
28,2,2.6,2.87,3.45,150,155,48.7,73.5,63.23964497,14.5,84.7,-0.835829104858393,-0.841128866112244,-1.45874695168885,-1.55904381574781,-0.808398528784888,-1.07464988592611,0.202922365166336,0.170630331152017,1.04268545513884,1.03542596251495,-0.17359757817795,"University of Baltimore",135,"Other",2015
28,1.8,2.4,3,3.56,149,157,27.4,67.7,71,20,90.16,-1.09248082589986,-1.15590296931648,-0.87260300860349,-0.753273323662019,-0.990061119523065,-0.685283985228242,-0.942448314231712,-0.362302313264622,1.54976455144343,3.21763676612929,0.498901613117567,"William Mitchell College of Law",135,"Other",2015
26,1.8,2.4,3.07,3.51,155,160,24.2,47.8,50.62093436,10,80,-1.09248082589986,-1.15590296931648,-0.556987039249834,-1.11953263824647,0.0999144249059997,-0.101235134181447,-1.11452278249809,-2.19081259324585,0.218150450243837,-0.750019240442236,-0.752488823432334,"Chapman University",140,"Other",2015
26,1.9,2.6,2.87,3.43,149,153,18.7456140429904,55.2,58.41671572,16.9,67.2,-0.964154965379128,-0.841128866112244,-1.45874695168885,-1.70554754158159,-0.990061119523065,-1.46401578662397,-1.40782295852059,-1.51086404692117,0.727544382832639,1.98766340409211,-2.32904370412512,"New York Law School",140,"Other",2015
26,1.9,2.5,2.92,3.51,147,153,30.4,55.2,60.02393776,12.1,77.63,-0.964154965379128,-0.99851591771436,-1.2333069735791,-1.11953263824647,-1.35338630099942,-1.46401578662397,-0.781128500231987,-1.51086404692117,0.832563895013904,0.0831885209377831,-1.04439781306061,"Pace University",140,"Other",2015
26,1.8,2.1,3,3.6,151,155,29.1,67.2,46.24183007,15.5,89.08,-1.09248082589986,-1.62806412412283,-0.87260300860349,-0.460265871994459,-0.62673593804671,-1.07464988592611,-0.851033752965201,-0.408244782610884,-0.0679900984053612,1.4321915631721,0.365879795059113,"University of Memphis",140,"Other",2015
26,1.8,2.4,3,3.6,148,155,25.2,64.6,58.87850467,11.7,79.31,-1.09248082589986,-1.15590296931648,-0.87260300860349,-0.460265871994459,-1.17172371026124,-1.07464988592611,-1.06074951116484,-0.647145623211448,0.757718714102821,-0.0755177193250779,-0.83747498496968,"University of Toledo",140,"Other",2015
25,1.8,2.4,2.93,3.56,144,150,36.8,78.9,80.58608059,13.6,87.5,-1.09248082589986,-1.15590296931648,-1.18821897795715,-0.753273323662019,-1.89837407321395,-2.04806463767077,-0.43697956369924,0.666809000091648,2.1761406726246,0.678336921923511,0.171273801973597,"University of South Dakota",145,"Other",2015
24,1.7,2.2,2.93,3.39,148,154,36.8126912741675,75.3,62.91005291,19.7,84.12,-1.2208066864206,-1.47067707252071,-1.18821897795715,-1.99855499324915,-1.17172371026124,-1.26933283627504,-0.436297112369869,0.33602322079856,1.02114916674895,3.09860708593214,-0.245035221209342,"South Texas College of Law",146,"Other",2015
24,1.9,2.6,3,3.48,151,159,13.4,71.1,68.02403204,14.9,71.14,-0.964154965379128,-0.841128866112244,-0.87260300860349,-1.33928822699714,-0.62673593804671,-0.295918084530378,-1.6952741128971,-0.0498935217100412,1.35530809449596,1.19413220277781,-1.84376040491187,"University of the Pacific",146,"Other",2015
